2026.08.16 00:06:21 INFO  Started: Metals version 1.6.8 in folders '/home/fernando/Desktop/lince-2.0' for client Visual Studio Code 1.101.0.
2026.08.16 00:06:21 INFO  Memory monitor started
2026.08.16 00:06:22 WARN  Using H2 2.4.240 which is newer than the version Flyway has been verified with. The latest verified version of H2 is 2.3.232.
2026.08.16 00:06:37 INFO  running '/usr/bin/sbt -Dbloop.export-jar-classifiers=sources -Dbloop.export-meta-build=true bloopInstall'
2026.08.16 00:06:38 INFO  no build target found for /home/fernando/Desktop/lince-2.0/project/metals.sbt. Using presentation compiler with project's scala-library version: 3.3.8
2026.08.16 00:06:38 WARN  no build target for: /home/fernando/Desktop/lince-2.0/project/metals.sbt
2026.08.16 00:06:39 INFO  [info] welcome to sbt 1.9.7 (Private Build Java 1.8.0_462)
2026.08.16 00:06:42 INFO  [info] loading settings for project lince-2-0-build-build-build from metals.sbt ...
2026.08.16 00:06:42 INFO  [info] loading project definition from /home/fernando/Desktop/lince-2.0/project/project/project
2026.08.16 00:06:45 INFO  [info] loading settings for project lince-2-0-build-build from metals.sbt ...
2026.08.16 00:06:45 INFO  [info] loading project definition from /home/fernando/Desktop/lince-2.0/project/project
2026.08.16 00:06:47 INFO  [success] Generated .bloop/lince-2-0-build-build.json
2026.08.16 00:06:47 INFO  [success] Total time: 2 s, completed 16/ago/2026 0:06:47
2026.08.16 00:06:47 INFO  [info] loading settings for project lince-2-0-build from metals.sbt,plugins.sbt ...
2026.08.16 00:06:47 INFO  [info] loading project definition from /home/fernando/Desktop/lince-2.0/project
2026.08.16 00:06:49 INFO  [success] Generated .bloop/lince-2-0-build.json
2026.08.16 00:06:49 INFO  [success] Total time: 1 s, completed 16/ago/2026 0:06:49
2026.08.16 00:06:50 INFO  [info] loading settings for project lince20 from build.sbt ...
2026.08.16 00:06:50 INFO  [info] loading settings for project caos from build.sbt ...
2026.08.16 00:06:50 INFO  [info] set current project to Lince 2.0 (in build file:/home/fernando/Desktop/lince-2.0/)
2026.08.16 00:06:52 INFO  [success] Generated .bloop/caos.json
2026.08.16 00:06:52 INFO  [success] Generated .bloop/caos-test.json
2026.08.16 00:06:52 INFO  [success] Generated .bloop/lince20-test.json
2026.08.16 00:06:52 INFO  [success] Generated .bloop/lince20.json
2026.08.16 00:06:52 INFO  [success] Total time: 1 s, completed 16/ago/2026 0:06:52
2026.08.16 00:06:53 INFO  time: ran 'sbt bloopInstall' in 15s
2026.08.16 00:06:53 INFO  Attempting to connect to the build server...
2026.08.16 00:06:53 INFO  Found a Bloop server running
2026.08.16 00:06:53 INFO  Tracing is disabled for protocol BSP. To enable tracing of incoming and outgoing JSON messages, create an empty file at /home/fernando/Desktop/lince-2.0/.metals/bsp.trace.json or /home/fernando/.cache/metals/bsp.trace.json
2026.08.16 00:06:53 INFO  Attempting to connect to the build server...
2026.08.16 00:06:53 INFO  Found a Bloop server running
2026.08.16 00:06:53 INFO  Attempting to connect to the build server...
2026.08.16 00:06:53 INFO  Found a Bloop server running
2026.08.16 00:06:53 INFO  Tracing is disabled for protocol BSP. To enable tracing of incoming and outgoing JSON messages, create an empty file at /home/fernando/Desktop/lince-2.0/project/project/.metals/bsp.trace.json or /home/fernando/.cache/metals/bsp.trace.json
2026.08.16 00:06:53 INFO  Tracing is disabled for protocol BSP. To enable tracing of incoming and outgoing JSON messages, create an empty file at /home/fernando/Desktop/lince-2.0/project/.metals/bsp.trace.json or /home/fernando/.cache/metals/bsp.trace.json
2026.08.16 00:06:53 INFO  time: Connected to build server in 0.32s
2026.08.16 00:06:53 INFO  Connected to Build server: Bloop v2.1.1
2026.08.16 00:06:58 WARN  Using H2 2.4.240 which is newer than the version Flyway has been verified with. The latest verified version of H2 is 2.3.232.
2026.08.16 00:07:03 INFO  Generated JavaScript file '/home/fernando/Desktop/lince-2.0/.bloop/lince20/lince20-test-js'
2026.08.16 00:07:03 WARN  Cannot discover test frameworks, missing node_modules in test project, expected them at /home/fernando/Desktop/lince-2.0/node_modules
2026.08.16 00:07:06 INFO  Generated JavaScript file '/home/fernando/Desktop/lince-2.0/.bloop/caos/caos-test-js'
2026.08.16 00:07:06 WARN  Cannot discover test frameworks, missing node_modules in test project, expected them at /home/fernando/Desktop/lince-2.0/lib/caos/node_modules
2026.08.16 00:07:13 INFO  time: indexed workspace in 20s
2026.08.16 00:07:14 INFO  compiling caos (36 scala sources)
2026.08.16 00:07:14 INFO  Generated JavaScript file '/home/fernando/Desktop/lince-2.0/.bloop/lince20/lince20-test-js'
2026.08.16 00:07:14 WARN  Cannot discover test frameworks, missing node_modules in test project, expected them at /home/fernando/Desktop/lince-2.0/node_modules
2026.08.16 00:07:15 INFO  Generated JavaScript file '/home/fernando/Desktop/lince-2.0/.bloop/caos/caos-test-js'
2026.08.16 00:07:15 WARN  Cannot discover test frameworks, missing node_modules in test project, expected them at /home/fernando/Desktop/lince-2.0/lib/caos/node_modules
2026.08.16 00:07:31 INFO  compiling lince20 (14 scala sources)
2026.08.16 00:07:31 INFO  time: compiled caos in 17s
2026.08.16 00:07:39 INFO  compiling lince20-test (1 scala source)
2026.08.16 00:07:39 WARN  package scala contains object and package with same name: caps.
This indicates that there are several versions of the Scala standard library on the classpath.
The build should be reconfigured so that only one version of the standard library is on the classpath.
2026.08.16 00:07:39 INFO  time: compiled lince20 in 8.63s
2026.08.16 00:07:39 INFO  time: compiled lince20-test in 0.81s
2026.08.16 00:07:42 INFO  Generated JavaScript file '/home/fernando/Desktop/lince-2.0/.bloop/lince20/lince20-test-js'
2026.08.16 00:07:42 WARN  Cannot discover test frameworks, missing node_modules in test project, expected them at /home/fernando/Desktop/lince-2.0/node_modules
2026.08.16 10:28:27 INFO  Started: Metals version 1.6.8 in folders '/home/fernando/Desktop/lince-2.0' for client Visual Studio Code 1.101.0.
2026.08.16 10:28:27 INFO  Memory monitor started
2026.08.16 10:28:30 WARN  Using H2 2.4.240 which is newer than the version Flyway has been verified with. The latest verified version of H2 is 2.3.232.
2026.08.16 10:28:30 INFO  Attempting to connect to the build server...
2026.08.16 10:28:30 INFO  No running Bloop server found, starting one.
2026.08.16 10:28:31 INFO  Starting compilation server
2026.08.16 10:28:33 INFO  Tracing is disabled for protocol BSP. To enable tracing of incoming and outgoing JSON messages, create an empty file at /home/fernando/Desktop/lince-2.0/.metals/bsp.trace.json or /home/fernando/.cache/metals/bsp.trace.json
2026.08.16 10:28:34 INFO  Attempting to connect to the build server...
2026.08.16 10:28:34 INFO  Found a Bloop server running
2026.08.16 10:28:34 INFO  Attempting to connect to the build server...
2026.08.16 10:28:34 INFO  Found a Bloop server running
2026.08.16 10:28:34 INFO  Tracing is disabled for protocol BSP. To enable tracing of incoming and outgoing JSON messages, create an empty file at /home/fernando/Desktop/lince-2.0/project/project/.metals/bsp.trace.json or /home/fernando/.cache/metals/bsp.trace.json
2026.08.16 10:28:34 INFO  Tracing is disabled for protocol BSP. To enable tracing of incoming and outgoing JSON messages, create an empty file at /home/fernando/Desktop/lince-2.0/project/.metals/bsp.trace.json or /home/fernando/.cache/metals/bsp.trace.json
2026.08.16 10:28:34 INFO  time: Connected to build server in 4.03s
2026.08.16 10:28:34 INFO  Connected to Build server: Bloop v2.1.1
2026.08.16 10:28:34 INFO  time: Imported build in 0.17s
2026.08.16 10:28:40 WARN  Using H2 2.4.240 which is newer than the version Flyway has been verified with. The latest verified version of H2 is 2.3.232.
2026.08.16 10:28:42 INFO  time: indexed workspace in 7.43s
2026.08.16 10:29:12 INFO  Generated JavaScript file '/home/fernando/Desktop/lince-2.0/.bloop/lince20/lince20-test-js'
2026.08.16 10:29:12 WARN  Cannot discover test frameworks, missing node_modules in test project, expected them at /home/fernando/Desktop/lince-2.0/node_modules
2026.08.16 10:29:14 INFO  Generated JavaScript file '/home/fernando/Desktop/lince-2.0/.bloop/caos/caos-test-js'
2026.08.16 10:29:14 WARN  Cannot discover test frameworks, missing node_modules in test project, expected them at /home/fernando/Desktop/lince-2.0/lib/caos/node_modules
2026.08.16 11:54:26 INFO  Shutting down server
2026.08.16 11:54:26 INFO  Memory monitor stopped
2026.08.16 11:54:26 INFO  shutting down Metals
2026.08.16 11:54:26 INFO  Shut down connection with build server.
2026.08.16 11:54:26 INFO  Shut down connection with build server.
2026.08.16 11:54:26 INFO  Shut down connection with build server.
2026.08.16 11:54:26 INFO  Exiting server
2026.08.16 20:08:50 INFO  Started: Metals version 1.6.8 in folders '/home/fernando/Desktop/lince-2.0' for client Visual Studio Code 1.101.0.
2026.08.16 20:08:50 INFO  Memory monitor started
2026.08.16 20:08:50 WARN  Using H2 2.4.240 which is newer than the version Flyway has been verified with. The latest verified version of H2 is 2.3.232.
2026.08.16 20:08:51 INFO  no build target found for /home/fernando/Desktop/lince-2.0/src/main/scala/lince/syntax/Parser.scala. Using presentation compiler with project's scala-library version: 3.3.8
2026.08.16 20:08:52 INFO  Attempting to connect to the build server...
2026.08.16 20:08:52 INFO  No running Bloop server found, starting one.
2026.08.16 20:08:53 INFO  Starting compilation server
ago. 16, 2026 8:08:54 DA TARDE org.eclipse.lsp4j.jsonrpc.RemoteEndpoint handleCancellation
WARNING: Unmatched cancel notification for request id 3
ago. 16, 2026 8:08:54 DA TARDE org.eclipse.lsp4j.jsonrpc.RemoteEndpoint handleCancellation
WARNING: Unmatched cancel notification for request id 5
2026.08.16 20:08:54 INFO  no build target found for /home/fernando/Desktop/lince-2.0/src/main/scala/lince/syntax/Parser.scala. Using presentation compiler with project's scala-library version: 3.3.8
2026.08.16 20:08:54 INFO  no build target found for /home/fernando/Desktop/lince-2.0/src/main/scala/lince/syntax/Show.scala. Using presentation compiler with project's scala-library version: 3.3.8
ago. 16, 2026 8:08:54 DA TARDE org.eclipse.lsp4j.jsonrpc.RemoteEndpoint handleCancellation
WARNING: Unmatched cancel notification for request id 7
2026.08.16 20:08:54 INFO  no build target found for /home/fernando/Desktop/lince-2.0/src/main/scala/lince/syntax/Show.scala. Using presentation compiler with project's scala-library version: 3.3.8
2026.08.16 20:08:54 INFO  no build target found for /home/fernando/Desktop/lince-2.0/src/main/scala/lince/syntax/Show.scala. Using presentation compiler with project's scala-library version: 3.3.8
2026.08.16 20:08:56 INFO  Tracing is disabled for protocol BSP. To enable tracing of incoming and outgoing JSON messages, create an empty file at /home/fernando/Desktop/lince-2.0/.metals/bsp.trace.json or /home/fernando/.cache/metals/bsp.trace.json
2026.08.16 20:08:56 INFO  no build target found for /home/fernando/Desktop/lince-2.0/src/main/scala/lince/syntax/Show.scala. Using presentation compiler with project's scala-library version: 3.3.8
2026.08.16 20:08:56 INFO  no build target found for /home/fernando/Desktop/lince-2.0/src/main/scala/lince/syntax/Parser.scala. Using presentation compiler with project's scala-library version: 3.3.8
2026.08.16 20:08:57 INFO  no build target found for /home/fernando/Desktop/lince-2.0/src/main/scala/lince/syntax/Parser.scala. Using presentation compiler with project's scala-library version: 3.3.8
2026.08.16 20:08:57 INFO  no build target found for /home/fernando/Desktop/lince-2.0/src/main/scala/lince/syntax/Parser.scala. Using presentation compiler with project's scala-library version: 3.3.8
2026.08.16 20:08:59 INFO  Attempting to connect to the build server...
2026.08.16 20:08:59 INFO  Found a Bloop server running
2026.08.16 20:08:59 INFO  Attempting to connect to the build server...
2026.08.16 20:08:59 INFO  Found a Bloop server running
2026.08.16 20:08:59 INFO  Tracing is disabled for protocol BSP. To enable tracing of incoming and outgoing JSON messages, create an empty file at /home/fernando/Desktop/lince-2.0/project/.metals/bsp.trace.json or /home/fernando/.cache/metals/bsp.trace.json
2026.08.16 20:08:59 INFO  Tracing is disabled for protocol BSP. To enable tracing of incoming and outgoing JSON messages, create an empty file at /home/fernando/Desktop/lince-2.0/project/project/.metals/bsp.trace.json or /home/fernando/.cache/metals/bsp.trace.json
2026.08.16 20:08:59 INFO  time: Connected to build server in 7.02s
2026.08.16 20:08:59 INFO  Connected to Build server: Bloop v2.1.1
2026.08.16 20:08:59 INFO  time: Imported build in 0.45s
2026.08.16 20:09:05 WARN  Using H2 2.4.240 which is newer than the version Flyway has been verified with. The latest verified version of H2 is 2.3.232.
2026.08.16 20:09:07 INFO  time: indexed workspace in 7.14s
2026.08.16 20:09:17 INFO  Generated JavaScript file '/home/fernando/Desktop/lince-2.0/.bloop/lince20/lince20-test-js'
2026.08.16 20:09:17 WARN  Cannot discover test frameworks, missing node_modules in test project, expected them at /home/fernando/Desktop/lince-2.0/node_modules
2026.08.16 21:06:47 INFO  Generated JavaScript file '/home/fernando/Desktop/lince-2.0/.bloop/lince20/lince20-test-js'
2026.08.16 21:06:47 WARN  Cannot discover test frameworks, missing node_modules in test project, expected them at /home/fernando/Desktop/lince-2.0/node_modules
2026.08.16 21:06:48 INFO  Generated JavaScript file '/home/fernando/Desktop/lince-2.0/.bloop/caos/caos-test-js'
2026.08.16 21:06:48 WARN  Cannot discover test frameworks, missing node_modules in test project, expected them at /home/fernando/Desktop/lince-2.0/lib/caos/node_modules
2026.08.16 22:01:21 INFO  compiling lince20 (1 scala source)
2026.08.16 22:01:27 INFO  time: compiled lince20 in 5.85s
2026.08.16 22:01:27 INFO  compiling lince20 (14 scala sources)
2026.08.16 22:01:33 INFO  time: compiled lince20 in 6.54s
ago. 16, 2026 10:03:03 DA TARDE org.eclipse.lsp4j.jsonrpc.RemoteEndpoint handleCancellation
WARNING: Unmatched cancel notification for request id 270
2026.08.16 22:03:18 INFO  compiling lince20 (1 scala source)
2026.08.16 22:03:19 INFO  time: compiled lince20 in 1.4s
2026.08.16 22:03:19 INFO  compiling lince20 (14 scala sources)
2026.08.16 22:03:22 INFO  time: compiled lince20 in 3.25s
2026.08.16 22:06:28 INFO  compiling lince20 (2 scala sources)
2026.08.16 22:06:29 INFO  time: compiled lince20 in 1.74s
2026.08.16 22:06:29 INFO  compiling lince20 (14 scala sources)
2026.08.16 22:06:32 INFO  time: compiled lince20 in 2.29s
ago. 16, 2026 10:07:00 DA TARDE org.eclipse.lsp4j.jsonrpc.RemoteEndpoint handleCancellation
WARNING: Unmatched cancel notification for request id 496
2026.08.16 22:07:10 INFO  compiling lince20 (3 scala sources)
2026.08.16 22:07:12 INFO  time: compiled lince20 in 1.45s
2026.08.16 22:07:41 INFO  compiling lince20 (3 scala sources)
2026.08.16 22:07:43 INFO  time: compiled lince20 in 2.02s
2026.08.16 22:07:43 INFO  compiling lince20 (14 scala sources)
2026.08.16 22:07:44 INFO  time: compiled lince20 in 1.25s
ago. 16, 2026 10:08:24 DA TARDE org.eclipse.lsp4j.jsonrpc.RemoteEndpoint handleCancellation
WARNING: Unmatched cancel notification for request id 680
2026.08.16 22:08:35 INFO  compiling lince20 (4 scala sources)
2026.08.16 22:08:35 INFO  time: compiled lince20 in 0.68s
ago. 16, 2026 10:08:44 DA TARDE org.eclipse.lsp4j.jsonrpc.RemoteEndpoint handleCancellation
WARNING: Unmatched cancel notification for request id 755
ago. 16, 2026 10:08:50 DA TARDE org.eclipse.lsp4j.jsonrpc.RemoteEndpoint handleCancellation
WARNING: Unmatched cancel notification for request id 781
2026.08.16 22:08:57 WARN  Could not find 'StrmDef' using presentation compiler nor semanticdb. Trying to guess the definition using available information from local class context. 
2026.08.16 22:08:57 INFO  Created report: Optional[file:///home/fernando/Desktop/lince-2.0/src/main/scala/lince/backend/SmallStep.scala]
2026.08.16 22:08:57 INFO  empty definition using pc, found symbol in pc: lince/syntax/Lince.Action.StrmDef. (full report at: "/home/fernando/Desktop/lince-2.0/.metals/.reports/metals-full/2026-08-16/r_empty-definition_(lince20)_22-08-57-254.md")
2026.08.16 22:08:57 INFO  compiling lince20 (4 scala sources)
2026.08.16 22:08:57 INFO  time: compiled lince20 in 0.46s
ago. 16, 2026 10:09:09 DA TARDE org.eclipse.lsp4j.jsonrpc.RemoteEndpoint handleCancellation
WARNING: Unmatched cancel notification for request id 817
2026.08.16 22:09:19 INFO  compiling lince20 (4 scala sources)
2026.08.16 22:09:20 INFO  time: compiled lince20 in 1.47s
2026.08.16 22:09:20 INFO  compiling lince20 (14 scala sources)
2026.08.16 22:09:23 INFO  time: compiled lince20 in 2.6s
ago. 16, 2026 10:18:29 DA TARDE org.eclipse.lsp4j.jsonrpc.services.GenericEndpoint notify
INFO: Unsupported notification method: $/setTrace
2026.08.17 00:15:19 INFO  Shutting down server
2026.08.17 00:15:19 INFO  Memory monitor stopped
2026.08.17 00:15:19 INFO  shutting down Metals
2026.08.17 00:15:19 INFO  Shut down connection with build server.
2026.08.17 00:15:19 INFO  Shut down connection with build server.
2026.08.17 00:15:19 INFO  Shut down connection with build server.
2026.08.17 00:15:19 INFO  Exiting server
2026.08.18 20:41:02 INFO  Started: Metals version 1.6.8 in folders '/home/fernando/Desktop/lince-2.0' for client Visual Studio Code 1.101.0.
2026.08.18 20:41:02 INFO  Memory monitor started
2026.08.18 20:41:02 WARN  Using H2 2.4.240 which is newer than the version Flyway has been verified with. The latest verified version of H2 is 2.3.232.
2026.08.18 20:41:03 INFO  Attempting to connect to the build server...
2026.08.18 20:41:03 INFO  No running Bloop server found, starting one.
2026.08.18 20:41:04 INFO  Starting compilation server
2026.08.18 20:41:06 INFO  Tracing is disabled for protocol BSP. To enable tracing of incoming and outgoing JSON messages, create an empty file at /home/fernando/Desktop/lince-2.0/.metals/bsp.trace.json or /home/fernando/.cache/metals/bsp.trace.json
2026.08.18 20:41:07 INFO  Attempting to connect to the build server...
2026.08.18 20:41:07 INFO  Found a Bloop server running
2026.08.18 20:41:07 INFO  Attempting to connect to the build server...
2026.08.18 20:41:07 INFO  Found a Bloop server running
2026.08.18 20:41:07 INFO  Tracing is disabled for protocol BSP. To enable tracing of incoming and outgoing JSON messages, create an empty file at /home/fernando/Desktop/lince-2.0/project/project/.metals/bsp.trace.json or /home/fernando/.cache/metals/bsp.trace.json
2026.08.18 20:41:07 INFO  Tracing is disabled for protocol BSP. To enable tracing of incoming and outgoing JSON messages, create an empty file at /home/fernando/Desktop/lince-2.0/project/.metals/bsp.trace.json or /home/fernando/.cache/metals/bsp.trace.json
2026.08.18 20:41:07 INFO  time: Connected to build server in 4.1s
2026.08.18 20:41:07 INFO  Connected to Build server: Bloop v2.1.1
2026.08.18 20:41:08 INFO  time: Imported build in 0.18s
2026.08.18 20:41:12 WARN  Using H2 2.4.240 which is newer than the version Flyway has been verified with. The latest verified version of H2 is 2.3.232.
2026.08.18 20:41:13 INFO  time: indexed workspace in 5.05s
2026.08.18 20:41:13 INFO  compiling lince20-test (1 scala source)
2026.08.18 20:41:14 WARN  package scala contains object and package with same name: caps.
This indicates that there are several versions of the Scala standard library on the classpath.
The build should be reconfigured so that only one version of the standard library is on the classpath.
2026.08.18 20:41:17 INFO  time: compiled lince20-test in 4.16s
2026.08.18 20:41:23 INFO  Generated JavaScript file '/home/fernando/Desktop/lince-2.0/.bloop/lince20/lince20-test-js'
2026.08.18 20:41:23 WARN  Cannot discover test frameworks, missing node_modules in test project, expected them at /home/fernando/Desktop/lince-2.0/node_modules
2026.08.18 20:55:28 INFO  Generated JavaScript file '/home/fernando/Desktop/lince-2.0/.bloop/lince20/lince20-test-js'
2026.08.18 20:55:28 WARN  Cannot discover test frameworks, missing node_modules in test project, expected them at /home/fernando/Desktop/lince-2.0/node_modules
2026.08.18 20:55:30 INFO  Generated JavaScript file '/home/fernando/Desktop/lince-2.0/.bloop/caos/caos-test-js'
2026.08.18 20:55:30 WARN  Cannot discover test frameworks, missing node_modules in test project, expected them at /home/fernando/Desktop/lince-2.0/lib/caos/node_modules
2026.08.22 13:20:59 INFO  Started: Metals version 1.6.8 in folders '/home/fernando/Desktop/lince-2.0' for client Visual Studio Code 1.101.0.
2026.08.22 13:20:59 INFO  Memory monitor started
2026.08.22 13:21:03 WARN  Using H2 2.4.240 which is newer than the version Flyway has been verified with. The latest verified version of H2 is 2.3.232.
2026.08.22 13:21:03 INFO  no build target found for /home/fernando/Desktop/lince-2.0/src/main/scala/lince/syntax/Show.scala. Using presentation compiler with project's scala-library version: 3.3.8
ago. 22, 2026 1:21:05 DA TARDE org.eclipse.lsp4j.jsonrpc.RemoteEndpoint handleCancellation
WARNING: Unmatched cancel notification for request id 2
2026.08.22 13:21:05 INFO  no build target found for /home/fernando/Desktop/lince-2.0/src/main/scala/lince/syntax/Show.scala. Using presentation compiler with project's scala-library version: 3.3.8
2026.08.22 13:21:05 INFO  Attempting to connect to the build server...
2026.08.22 13:21:05 INFO  No running Bloop server found, starting one.
2026.08.22 13:21:05 INFO  no build target found for /home/fernando/Desktop/lince-2.0/src/main/scala/lince/syntax/Show.scala. Using presentation compiler with project's scala-library version: 3.3.8
2026.08.22 13:21:05 INFO  no build target found for /home/fernando/Desktop/lince-2.0/src/main/scala/lince/syntax/Show.scala. Using presentation compiler with project's scala-library version: 3.3.8
2026.08.22 13:21:06 INFO  no build target found for /home/fernando/Desktop/lince-2.0/src/main/scala/lince/syntax/Show.scala. Using presentation compiler with project's scala-library version: 3.3.8
2026.08.22 13:21:06 INFO  Starting compilation server
2026.08.22 13:21:08 INFO  Tracing is disabled for protocol BSP. To enable tracing of incoming and outgoing JSON messages, create an empty file at /home/fernando/Desktop/lince-2.0/.metals/bsp.trace.json or /home/fernando/.cache/metals/bsp.trace.json
2026.08.22 13:21:10 INFO  Attempting to connect to the build server...
2026.08.22 13:21:10 INFO  Found a Bloop server running
2026.08.22 13:21:10 INFO  Attempting to connect to the build server...
2026.08.22 13:21:10 INFO  Found a Bloop server running
2026.08.22 13:21:10 INFO  Tracing is disabled for protocol BSP. To enable tracing of incoming and outgoing JSON messages, create an empty file at /home/fernando/Desktop/lince-2.0/project/project/.metals/bsp.trace.json or /home/fernando/.cache/metals/bsp.trace.json
2026.08.22 13:21:10 INFO  Tracing is disabled for protocol BSP. To enable tracing of incoming and outgoing JSON messages, create an empty file at /home/fernando/Desktop/lince-2.0/project/.metals/bsp.trace.json or /home/fernando/.cache/metals/bsp.trace.json
2026.08.22 13:21:10 INFO  time: Connected to build server in 5.09s
2026.08.22 13:21:10 INFO  Connected to Build server: Bloop v2.1.1
2026.08.22 13:21:10 INFO  time: Imported build in 0.16s
2026.08.22 13:21:17 WARN  Using H2 2.4.240 which is newer than the version Flyway has been verified with. The latest verified version of H2 is 2.3.232.
2026.08.22 13:21:18 INFO  time: indexed workspace in 8.46s
2026.08.22 13:21:26 INFO  Generated JavaScript file '/home/fernando/Desktop/lince-2.0/.bloop/lince20/lince20-test-js'
2026.08.22 13:21:26 WARN  Cannot discover test frameworks, missing node_modules in test project, expected them at /home/fernando/Desktop/lince-2.0/node_modules
2026.08.22 13:34:59 INFO  Generated JavaScript file '/home/fernando/Desktop/lince-2.0/.bloop/lince20/lince20-test-js'
2026.08.22 13:34:59 WARN  Cannot discover test frameworks, missing node_modules in test project, expected them at /home/fernando/Desktop/lince-2.0/node_modules
2026.08.22 13:35:02 INFO  Generated JavaScript file '/home/fernando/Desktop/lince-2.0/.bloop/caos/caos-test-js'
2026.08.22 13:35:02 WARN  Cannot discover test frameworks, missing node_modules in test project, expected them at /home/fernando/Desktop/lince-2.0/lib/caos/node_modules
2026.08.22 13:35:40 INFO  compiling lince20 (14 scala sources)
2026.08.22 13:35:53 INFO  time: compiled lince20 in 13s
2026.08.22 13:37:10 INFO  compiling lince20 (14 scala sources)
2026.08.22 13:37:16 INFO  time: compiled lince20 in 5.39s
ago. 22, 2026 1:42:37 DA TARDE scala.meta.internal.mtags.SymbolIndexBucket addMtagsSourceFile
WARNING: Error indexing /home/fernando/Desktop/lince-2.0/src/main/scala/lince/backend/Streams.scala
java.nio.file.NoSuchFileException: /home/fernando/Desktop/lince-2.0/src/main/scala/lince/backend/Streams.scala
	at java.base/sun.nio.fs.UnixException.translateToIOException(UnixException.java:92)
	at java.base/sun.nio.fs.UnixException.rethrowAsIOException(UnixException.java:106)
	at java.base/sun.nio.fs.UnixException.rethrowAsIOException(UnixException.java:111)
	at java.base/sun.nio.fs.UnixFileSystemProvider.newByteChannel(UnixFileSystemProvider.java:218)
	at java.base/java.nio.file.Files.newByteChannel(Files.java:380)
	at java.base/java.nio.file.Files.newByteChannel(Files.java:432)
	at java.base/java.nio.file.Files.readAllBytes(Files.java:3288)
	at scala.meta.internal.io.PlatformFileIO$.slurp(PlatformFileIO.scala:38)
	at scala.meta.internal.io.FileIO$.slurp(FileIO.scala:18)
	at scala.meta.internal.mtags.ScalametaCommonEnrichments$XtensionAbsolutePath.toInput(ScalametaCommonEnrichments.scala:512)
	at scala.meta.internal.mtags.Mtags.index(Mtags.scala:101)
	at scala.meta.internal.mtags.Mtags.allSymbols(Mtags.scala:21)
	at scala.meta.internal.mtags.SymbolIndexBucket.allSymbols(SymbolIndexBucket.scala:293)
	at scala.meta.internal.mtags.SymbolIndexBucket.addMtagsSourceFile(SymbolIndexBucket.scala:304)
	at scala.meta.internal.mtags.SymbolIndexBucket.$anonfun$query0$1(SymbolIndexBucket.scala:220)
	at scala.meta.internal.mtags.SymbolIndexBucket.$anonfun$query0$1$adapted(SymbolIndexBucket.scala:220)
	at scala.collection.immutable.Set$Set2.foreach(Set.scala:210)
	at scala.meta.internal.mtags.SymbolIndexBucket.query0(SymbolIndexBucket.scala:220)
	at scala.meta.internal.mtags.SymbolIndexBucket.query(SymbolIndexBucket.scala:193)
	at scala.meta.internal.mtags.OnDemandSymbolIndex.$anonfun$findSymbolDefinition$1(OnDemandSymbolIndex.scala:143)
	at scala.collection.immutable.List.flatMap(List.scala:283)
	at scala.meta.internal.mtags.OnDemandSymbolIndex.findSymbolDefinition(OnDemandSymbolIndex.scala:143)
	at scala.meta.internal.mtags.OnDemandSymbolIndex.definition(OnDemandSymbolIndex.scala:48)
	at scala.meta.internal.metals.Docstrings.indexSymbol(Docstrings.scala:138)
	at scala.meta.internal.metals.Docstrings.documentation(Docstrings.scala:49)
	at scala.meta.internal.metals.MetalsSymbolSearch.documentation(MetalsSymbolSearch.scala:47)
	at dotty.tools.pc.utils.InteractiveEnrichments$.symbolDocumentation(InteractiveEnrichments.scala:286)
	at dotty.tools.pc.HoverProvider$.$anonfun$3(HoverProvider.scala:133)
	at scala.collection.immutable.List.flatMap(List.scala:294)
	at dotty.tools.pc.HoverProvider$.hover(HoverProvider.scala:133)
	at dotty.tools.pc.ScalaPresentationCompiler.hover$$anonfun$1(ScalaPresentationCompiler.scala:433)
	at scala.meta.internal.pc.CompilerAccess.withSharedCompiler(CompilerAccess.scala:149)
	at scala.meta.internal.pc.CompilerAccess.withNonInterruptableCompiler$$anonfun$1(CompilerAccess.scala:133)
	at scala.meta.internal.pc.CompilerAccess.onCompilerJobQueue$$anonfun$1(CompilerAccess.scala:210)
	at scala.meta.internal.pc.CompilerJobQueue$Job.run(CompilerJobQueue.scala:153)
	at java.base/java.util.concurrent.ThreadPoolExecutor.runWorker(ThreadPoolExecutor.java:1136)
	at java.base/java.util.concurrent.ThreadPoolExecutor$Worker.run(ThreadPoolExecutor.java:635)
	at java.base/java.lang.Thread.run(Thread.java:840)

ago. 22, 2026 1:42:37 DA TARDE scala.meta.internal.mtags.SymbolIndexBucket addMtagsSourceFile
WARNING: Error indexing /home/fernando/Desktop/lince-2.0/src/main/scala/lince/backend/Streams.scala
java.nio.file.NoSuchFileException: /home/fernando/Desktop/lince-2.0/src/main/scala/lince/backend/Streams.scala
	at java.base/sun.nio.fs.UnixException.translateToIOException(UnixException.java:92)
	at java.base/sun.nio.fs.UnixException.rethrowAsIOException(UnixException.java:106)
	at java.base/sun.nio.fs.UnixException.rethrowAsIOException(UnixException.java:111)
	at java.base/sun.nio.fs.UnixFileSystemProvider.newByteChannel(UnixFileSystemProvider.java:218)
	at java.base/java.nio.file.Files.newByteChannel(Files.java:380)
	at java.base/java.nio.file.Files.newByteChannel(Files.java:432)
	at java.base/java.nio.file.Files.readAllBytes(Files.java:3288)
	at scala.meta.internal.io.PlatformFileIO$.slurp(PlatformFileIO.scala:38)
	at scala.meta.internal.io.FileIO$.slurp(FileIO.scala:18)
	at scala.meta.internal.mtags.ScalametaCommonEnrichments$XtensionAbsolutePath.toInput(ScalametaCommonEnrichments.scala:512)
	at scala.meta.internal.mtags.Mtags.index(Mtags.scala:101)
	at scala.meta.internal.mtags.Mtags.allSymbols(Mtags.scala:21)
	at scala.meta.internal.mtags.SymbolIndexBucket.allSymbols(SymbolIndexBucket.scala:293)
	at scala.meta.internal.mtags.SymbolIndexBucket.addMtagsSourceFile(SymbolIndexBucket.scala:304)
	at scala.meta.internal.mtags.SymbolIndexBucket.addMtagsSourceFile(SymbolIndexBucket.scala:315)
	at scala.meta.internal.mtags.SymbolIndexBucket.$anonfun$query0$1(SymbolIndexBucket.scala:220)
	at scala.meta.internal.mtags.SymbolIndexBucket.$anonfun$query0$1$adapted(SymbolIndexBucket.scala:220)
	at scala.collection.immutable.Set$Set2.foreach(Set.scala:210)
	at scala.meta.internal.mtags.SymbolIndexBucket.query0(SymbolIndexBucket.scala:220)
	at scala.meta.internal.mtags.SymbolIndexBucket.query(SymbolIndexBucket.scala:193)
	at scala.meta.internal.mtags.OnDemandSymbolIndex.$anonfun$findSymbolDefinition$1(OnDemandSymbolIndex.scala:143)
	at scala.collection.immutable.List.flatMap(List.scala:283)
	at scala.meta.internal.mtags.OnDemandSymbolIndex.findSymbolDefinition(OnDemandSymbolIndex.scala:143)
	at scala.meta.internal.mtags.OnDemandSymbolIndex.definition(OnDemandSymbolIndex.scala:48)
	at scala.meta.internal.metals.Docstrings.indexSymbol(Docstrings.scala:138)
	at scala.meta.internal.metals.Docstrings.documentation(Docstrings.scala:49)
	at scala.meta.internal.metals.MetalsSymbolSearch.documentation(MetalsSymbolSearch.scala:47)
	at dotty.tools.pc.utils.InteractiveEnrichments$.symbolDocumentation(InteractiveEnrichments.scala:286)
	at dotty.tools.pc.HoverProvider$.$anonfun$3(HoverProvider.scala:133)
	at scala.collection.immutable.List.flatMap(List.scala:294)
	at dotty.tools.pc.HoverProvider$.hover(HoverProvider.scala:133)
	at dotty.tools.pc.ScalaPresentationCompiler.hover$$anonfun$1(ScalaPresentationCompiler.scala:433)
	at scala.meta.internal.pc.CompilerAccess.withSharedCompiler(CompilerAccess.scala:149)
	at scala.meta.internal.pc.CompilerAccess.withNonInterruptableCompiler$$anonfun$1(CompilerAccess.scala:133)
	at scala.meta.internal.pc.CompilerAccess.onCompilerJobQueue$$anonfun$1(CompilerAccess.scala:210)
	at scala.meta.internal.pc.CompilerJobQueue$Job.run(CompilerJobQueue.scala:153)
	at java.base/java.util.concurrent.ThreadPoolExecutor.runWorker(ThreadPoolExecutor.java:1136)
	at java.base/java.util.concurrent.ThreadPoolExecutor$Worker.run(ThreadPoolExecutor.java:635)
	at java.base/java.lang.Thread.run(Thread.java:840)

2026.08.22 13:42:48 INFO  compiling lince20 (1 scala source)
2026.08.22 13:42:48 INFO  time: compiled lince20 in 0.48s
2026.08.22 13:42:59 INFO  compiling lince20 (1 scala source)
2026.08.22 13:42:59 INFO  time: compiled lince20 in 0.23s
2026.08.22 13:43:56 INFO  compiling lince20 (2 scala sources)
2026.08.22 13:43:57 INFO  time: compiled lince20 in 1.22s
2026.08.22 13:44:12 INFO  compiling lince20 (2 scala sources)
2026.08.22 13:44:12 INFO  time: compiled lince20 in 0.64s
2026.08.22 13:46:01 INFO  compiling lince20 (3 scala sources)
2026.08.22 13:46:02 INFO  time: compiled lince20 in 1.09s
ago. 22, 2026 1:48:05 DA TARDE scala.meta.internal.mtags.SymbolIndexBucket addMtagsSourceFile
WARNING: Error indexing /home/fernando/Desktop/lince-2.0/src/main/scala/lince/backend/Streams.scala
java.nio.file.NoSuchFileException: /home/fernando/Desktop/lince-2.0/src/main/scala/lince/backend/Streams.scala
	at java.base/sun.nio.fs.UnixException.translateToIOException(UnixException.java:92)
	at java.base/sun.nio.fs.UnixException.rethrowAsIOException(UnixException.java:106)
	at java.base/sun.nio.fs.UnixException.rethrowAsIOException(UnixException.java:111)
	at java.base/sun.nio.fs.UnixFileSystemProvider.newByteChannel(UnixFileSystemProvider.java:218)
	at java.base/java.nio.file.Files.newByteChannel(Files.java:380)
	at java.base/java.nio.file.Files.newByteChannel(Files.java:432)
	at java.base/java.nio.file.Files.readAllBytes(Files.java:3288)
	at scala.meta.internal.io.PlatformFileIO$.slurp(PlatformFileIO.scala:38)
	at scala.meta.internal.io.FileIO$.slurp(FileIO.scala:18)
	at scala.meta.internal.mtags.ScalametaCommonEnrichments$XtensionAbsolutePath.toInput(ScalametaCommonEnrichments.scala:512)
	at scala.meta.internal.mtags.Mtags.index(Mtags.scala:101)
	at scala.meta.internal.mtags.Mtags.allSymbols(Mtags.scala:21)
	at scala.meta.internal.mtags.SymbolIndexBucket.allSymbols(SymbolIndexBucket.scala:293)
	at scala.meta.internal.mtags.SymbolIndexBucket.addMtagsSourceFile(SymbolIndexBucket.scala:304)
	at scala.meta.internal.mtags.SymbolIndexBucket.$anonfun$query0$1(SymbolIndexBucket.scala:220)
	at scala.meta.internal.mtags.SymbolIndexBucket.$anonfun$query0$1$adapted(SymbolIndexBucket.scala:220)
	at scala.collection.immutable.Set$Set2.foreach(Set.scala:210)
	at scala.meta.internal.mtags.SymbolIndexBucket.query0(SymbolIndexBucket.scala:220)
	at scala.meta.internal.mtags.SymbolIndexBucket.query(SymbolIndexBucket.scala:193)
	at scala.meta.internal.mtags.OnDemandSymbolIndex.$anonfun$findSymbolDefinition$1(OnDemandSymbolIndex.scala:143)
	at scala.collection.immutable.List.flatMap(List.scala:283)
	at scala.meta.internal.mtags.OnDemandSymbolIndex.findSymbolDefinition(OnDemandSymbolIndex.scala:143)
	at scala.meta.internal.mtags.OnDemandSymbolIndex.definition(OnDemandSymbolIndex.scala:48)
	at scala.meta.internal.metals.Docstrings.indexSymbol(Docstrings.scala:138)
	at scala.meta.internal.metals.Docstrings.documentation(Docstrings.scala:49)
	at scala.meta.internal.metals.MetalsSymbolSearch.documentation(MetalsSymbolSearch.scala:47)
	at dotty.tools.pc.utils.InteractiveEnrichments$.symbolDocumentation(InteractiveEnrichments.scala:286)
	at dotty.tools.pc.printer.ShortenedTypePrinter.paramsDocs$lzyINIT1$1(ShortenedTypePrinter.scala:317)
	at dotty.tools.pc.printer.ShortenedTypePrinter.paramsDocs$1(ShortenedTypePrinter.scala:321)
	at dotty.tools.pc.printer.ShortenedTypePrinter.$anonfun$3(ShortenedTypePrinter.scala:338)
	at dotty.tools.pc.printer.ShortenedTypePrinter.paramLabel(ShortenedTypePrinter.scala:489)
	at dotty.tools.pc.printer.ShortenedTypePrinter.$anonfun$2(ShortenedTypePrinter.scala:340)
	at scala.collection.immutable.List.flatMap(List.scala:294)
	at dotty.tools.pc.printer.ShortenedTypePrinter.label$1$$anonfun$1(ShortenedTypePrinter.scala:326)
	at scala.collection.immutable.List.flatMap(List.scala:294)
	at dotty.tools.pc.printer.ShortenedTypePrinter.label$1(ShortenedTypePrinter.scala:325)
	at dotty.tools.pc.printer.ShortenedTypePrinter.defaultMethodSignature(ShortenedTypePrinter.scala:350)
	at dotty.tools.pc.printer.ShortenedTypePrinter.hoverSymbol(ShortenedTypePrinter.scala:244)
	at dotty.tools.pc.HoverProvider$.hover(HoverProvider.scala:128)
	at dotty.tools.pc.ScalaPresentationCompiler.hover$$anonfun$1(ScalaPresentationCompiler.scala:433)
	at scala.meta.internal.pc.CompilerAccess.withSharedCompiler(CompilerAccess.scala:149)
	at scala.meta.internal.pc.CompilerAccess.withNonInterruptableCompiler$$anonfun$1(CompilerAccess.scala:133)
	at scala.meta.internal.pc.CompilerAccess.onCompilerJobQueue$$anonfun$1(CompilerAccess.scala:210)
	at scala.meta.internal.pc.CompilerJobQueue$Job.run(CompilerJobQueue.scala:153)
	at java.base/java.util.concurrent.ThreadPoolExecutor.runWorker(ThreadPoolExecutor.java:1136)
	at java.base/java.util.concurrent.ThreadPoolExecutor$Worker.run(ThreadPoolExecutor.java:635)
	at java.base/java.lang.Thread.run(Thread.java:840)

ago. 22, 2026 1:48:05 DA TARDE scala.meta.internal.mtags.SymbolIndexBucket addMtagsSourceFile
WARNING: Error indexing /home/fernando/Desktop/lince-2.0/src/main/scala/lince/backend/Streams.scala
java.nio.file.NoSuchFileException: /home/fernando/Desktop/lince-2.0/src/main/scala/lince/backend/Streams.scala
	at java.base/sun.nio.fs.UnixException.translateToIOException(UnixException.java:92)
	at java.base/sun.nio.fs.UnixException.rethrowAsIOException(UnixException.java:106)
	at java.base/sun.nio.fs.UnixException.rethrowAsIOException(UnixException.java:111)
	at java.base/sun.nio.fs.UnixFileSystemProvider.newByteChannel(UnixFileSystemProvider.java:218)
	at java.base/java.nio.file.Files.newByteChannel(Files.java:380)
	at java.base/java.nio.file.Files.newByteChannel(Files.java:432)
	at java.base/java.nio.file.Files.readAllBytes(Files.java:3288)
	at scala.meta.internal.io.PlatformFileIO$.slurp(PlatformFileIO.scala:38)
	at scala.meta.internal.io.FileIO$.slurp(FileIO.scala:18)
	at scala.meta.internal.mtags.ScalametaCommonEnrichments$XtensionAbsolutePath.toInput(ScalametaCommonEnrichments.scala:512)
	at scala.meta.internal.mtags.Mtags.index(Mtags.scala:101)
	at scala.meta.internal.mtags.Mtags.allSymbols(Mtags.scala:21)
	at scala.meta.internal.mtags.SymbolIndexBucket.allSymbols(SymbolIndexBucket.scala:293)
	at scala.meta.internal.mtags.SymbolIndexBucket.addMtagsSourceFile(SymbolIndexBucket.scala:304)
	at scala.meta.internal.mtags.SymbolIndexBucket.addMtagsSourceFile(SymbolIndexBucket.scala:315)
	at scala.meta.internal.mtags.SymbolIndexBucket.$anonfun$query0$1(SymbolIndexBucket.scala:220)
	at scala.meta.internal.mtags.SymbolIndexBucket.$anonfun$query0$1$adapted(SymbolIndexBucket.scala:220)
	at scala.collection.immutable.Set$Set2.foreach(Set.scala:210)
	at scala.meta.internal.mtags.SymbolIndexBucket.query0(SymbolIndexBucket.scala:220)
	at scala.meta.internal.mtags.SymbolIndexBucket.query(SymbolIndexBucket.scala:193)
	at scala.meta.internal.mtags.OnDemandSymbolIndex.$anonfun$findSymbolDefinition$1(OnDemandSymbolIndex.scala:143)
	at scala.collection.immutable.List.flatMap(List.scala:283)
	at scala.meta.internal.mtags.OnDemandSymbolIndex.findSymbolDefinition(OnDemandSymbolIndex.scala:143)
	at scala.meta.internal.mtags.OnDemandSymbolIndex.definition(OnDemandSymbolIndex.scala:48)
	at scala.meta.internal.metals.Docstrings.indexSymbol(Docstrings.scala:138)
	at scala.meta.internal.metals.Docstrings.documentation(Docstrings.scala:49)
	at scala.meta.internal.metals.MetalsSymbolSearch.documentation(MetalsSymbolSearch.scala:47)
	at dotty.tools.pc.utils.InteractiveEnrichments$.symbolDocumentation(InteractiveEnrichments.scala:286)
	at dotty.tools.pc.printer.ShortenedTypePrinter.paramsDocs$lzyINIT1$1(ShortenedTypePrinter.scala:317)
	at dotty.tools.pc.printer.ShortenedTypePrinter.paramsDocs$1(ShortenedTypePrinter.scala:321)
	at dotty.tools.pc.printer.ShortenedTypePrinter.$anonfun$3(ShortenedTypePrinter.scala:338)
	at dotty.tools.pc.printer.ShortenedTypePrinter.paramLabel(ShortenedTypePrinter.scala:489)
	at dotty.tools.pc.printer.ShortenedTypePrinter.$anonfun$2(ShortenedTypePrinter.scala:340)
	at scala.collection.immutable.List.flatMap(List.scala:294)
	at dotty.tools.pc.printer.ShortenedTypePrinter.label$1$$anonfun$1(ShortenedTypePrinter.scala:326)
	at scala.collection.immutable.List.flatMap(List.scala:294)
	at dotty.tools.pc.printer.ShortenedTypePrinter.label$1(ShortenedTypePrinter.scala:325)
	at dotty.tools.pc.printer.ShortenedTypePrinter.defaultMethodSignature(ShortenedTypePrinter.scala:350)
	at dotty.tools.pc.printer.ShortenedTypePrinter.hoverSymbol(ShortenedTypePrinter.scala:244)
	at dotty.tools.pc.HoverProvider$.hover(HoverProvider.scala:128)
	at dotty.tools.pc.ScalaPresentationCompiler.hover$$anonfun$1(ScalaPresentationCompiler.scala:433)
	at scala.meta.internal.pc.CompilerAccess.withSharedCompiler(CompilerAccess.scala:149)
	at scala.meta.internal.pc.CompilerAccess.withNonInterruptableCompiler$$anonfun$1(CompilerAccess.scala:133)
	at scala.meta.internal.pc.CompilerAccess.onCompilerJobQueue$$anonfun$1(CompilerAccess.scala:210)
	at scala.meta.internal.pc.CompilerJobQueue$Job.run(CompilerJobQueue.scala:153)
	at java.base/java.util.concurrent.ThreadPoolExecutor.runWorker(ThreadPoolExecutor.java:1136)
	at java.base/java.util.concurrent.ThreadPoolExecutor$Worker.run(ThreadPoolExecutor.java:635)
	at java.base/java.lang.Thread.run(Thread.java:840)

ago. 22, 2026 1:48:05 DA TARDE scala.meta.internal.mtags.SymbolIndexBucket addMtagsSourceFile
WARNING: Error indexing /home/fernando/Desktop/lince-2.0/src/main/scala/lince/backend/Streams.scala
java.nio.file.NoSuchFileException: /home/fernando/Desktop/lince-2.0/src/main/scala/lince/backend/Streams.scala
	at java.base/sun.nio.fs.UnixException.translateToIOException(UnixException.java:92)
	at java.base/sun.nio.fs.UnixException.rethrowAsIOException(UnixException.java:106)
	at java.base/sun.nio.fs.UnixException.rethrowAsIOException(UnixException.java:111)
	at java.base/sun.nio.fs.UnixFileSystemProvider.newByteChannel(UnixFileSystemProvider.java:218)
	at java.base/java.nio.file.Files.newByteChannel(Files.java:380)
	at java.base/java.nio.file.Files.newByteChannel(Files.java:432)
	at java.base/java.nio.file.Files.readAllBytes(Files.java:3288)
	at scala.meta.internal.io.PlatformFileIO$.slurp(PlatformFileIO.scala:38)
	at scala.meta.internal.io.FileIO$.slurp(FileIO.scala:18)
	at scala.meta.internal.mtags.ScalametaCommonEnrichments$XtensionAbsolutePath.toInput(ScalametaCommonEnrichments.scala:512)
	at scala.meta.internal.mtags.Mtags.index(Mtags.scala:101)
	at scala.meta.internal.mtags.Mtags.allSymbols(Mtags.scala:21)
	at scala.meta.internal.mtags.SymbolIndexBucket.allSymbols(SymbolIndexBucket.scala:293)
	at scala.meta.internal.mtags.SymbolIndexBucket.addMtagsSourceFile(SymbolIndexBucket.scala:304)
	at scala.meta.internal.mtags.SymbolIndexBucket.$anonfun$query0$1(SymbolIndexBucket.scala:220)
	at scala.meta.internal.mtags.SymbolIndexBucket.$anonfun$query0$1$adapted(SymbolIndexBucket.scala:220)
	at scala.collection.immutable.Set$Set2.foreach(Set.scala:210)
	at scala.meta.internal.mtags.SymbolIndexBucket.query0(SymbolIndexBucket.scala:220)
	at scala.meta.internal.mtags.SymbolIndexBucket.$anonfun$query0$8(SymbolIndexBucket.scala:242)
	at scala.collection.immutable.List.flatMap(List.scala:283)
	at scala.meta.internal.mtags.SymbolIndexBucket.query0(SymbolIndexBucket.scala:242)
	at scala.meta.internal.mtags.SymbolIndexBucket.query(SymbolIndexBucket.scala:193)
	at scala.meta.internal.mtags.OnDemandSymbolIndex.$anonfun$findSymbolDefinition$1(OnDemandSymbolIndex.scala:143)
	at scala.collection.immutable.List.flatMap(List.scala:283)
	at scala.meta.internal.mtags.OnDemandSymbolIndex.findSymbolDefinition(OnDemandSymbolIndex.scala:143)
	at scala.meta.internal.mtags.OnDemandSymbolIndex.definition(OnDemandSymbolIndex.scala:48)
	at scala.meta.internal.metals.Docstrings.indexSymbol(Docstrings.scala:138)
	at scala.meta.internal.metals.Docstrings.documentation(Docstrings.scala:49)
	at scala.meta.internal.metals.MetalsSymbolSearch.documentation(MetalsSymbolSearch.scala:47)
	at dotty.tools.pc.utils.InteractiveEnrichments$.symbolDocumentation(InteractiveEnrichments.scala:286)
	at dotty.tools.pc.printer.ShortenedTypePrinter.paramsDocs$lzyINIT1$1(ShortenedTypePrinter.scala:317)
	at dotty.tools.pc.printer.ShortenedTypePrinter.paramsDocs$1(ShortenedTypePrinter.scala:321)
	at dotty.tools.pc.printer.ShortenedTypePrinter.$anonfun$3(ShortenedTypePrinter.scala:338)
	at dotty.tools.pc.printer.ShortenedTypePrinter.paramLabel(ShortenedTypePrinter.scala:489)
	at dotty.tools.pc.printer.ShortenedTypePrinter.$anonfun$2(ShortenedTypePrinter.scala:340)
	at scala.collection.immutable.List.flatMap(List.scala:294)
	at dotty.tools.pc.printer.ShortenedTypePrinter.label$1$$anonfun$1(ShortenedTypePrinter.scala:326)
	at scala.collection.immutable.List.flatMap(List.scala:294)
	at dotty.tools.pc.printer.ShortenedTypePrinter.label$1(ShortenedTypePrinter.scala:325)
	at dotty.tools.pc.printer.ShortenedTypePrinter.defaultMethodSignature(ShortenedTypePrinter.scala:350)
	at dotty.tools.pc.printer.ShortenedTypePrinter.hoverSymbol(ShortenedTypePrinter.scala:244)
	at dotty.tools.pc.HoverProvider$.hover(HoverProvider.scala:128)
	at dotty.tools.pc.ScalaPresentationCompiler.hover$$anonfun$1(ScalaPresentationCompiler.scala:433)
	at scala.meta.internal.pc.CompilerAccess.withSharedCompiler(CompilerAccess.scala:149)
	at scala.meta.internal.pc.CompilerAccess.withNonInterruptableCompiler$$anonfun$1(CompilerAccess.scala:133)
	at scala.meta.internal.pc.CompilerAccess.onCompilerJobQueue$$anonfun$1(CompilerAccess.scala:210)
	at scala.meta.internal.pc.CompilerJobQueue$Job.run(CompilerJobQueue.scala:153)
	at java.base/java.util.concurrent.ThreadPoolExecutor.runWorker(ThreadPoolExecutor.java:1136)
	at java.base/java.util.concurrent.ThreadPoolExecutor$Worker.run(ThreadPoolExecutor.java:635)
	at java.base/java.lang.Thread.run(Thread.java:840)

ago. 22, 2026 1:48:05 DA TARDE scala.meta.internal.mtags.SymbolIndexBucket addMtagsSourceFile
WARNING: Error indexing /home/fernando/Desktop/lince-2.0/src/main/scala/lince/backend/Streams.scala
java.nio.file.NoSuchFileException: /home/fernando/Desktop/lince-2.0/src/main/scala/lince/backend/Streams.scala
	at java.base/sun.nio.fs.UnixException.translateToIOException(UnixException.java:92)
	at java.base/sun.nio.fs.UnixException.rethrowAsIOException(UnixException.java:106)
	at java.base/sun.nio.fs.UnixException.rethrowAsIOException(UnixException.java:111)
	at java.base/sun.nio.fs.UnixFileSystemProvider.newByteChannel(UnixFileSystemProvider.java:218)
	at java.base/java.nio.file.Files.newByteChannel(Files.java:380)
	at java.base/java.nio.file.Files.newByteChannel(Files.java:432)
	at java.base/java.nio.file.Files.readAllBytes(Files.java:3288)
	at scala.meta.internal.io.PlatformFileIO$.slurp(PlatformFileIO.scala:38)
	at scala.meta.internal.io.FileIO$.slurp(FileIO.scala:18)
	at scala.meta.internal.mtags.ScalametaCommonEnrichments$XtensionAbsolutePath.toInput(ScalametaCommonEnrichments.scala:512)
	at scala.meta.internal.mtags.Mtags.index(Mtags.scala:101)
	at scala.meta.internal.mtags.Mtags.allSymbols(Mtags.scala:21)
	at scala.meta.internal.mtags.SymbolIndexBucket.allSymbols(SymbolIndexBucket.scala:293)
	at scala.meta.internal.mtags.SymbolIndexBucket.addMtagsSourceFile(SymbolIndexBucket.scala:304)
	at scala.meta.internal.mtags.SymbolIndexBucket.addMtagsSourceFile(SymbolIndexBucket.scala:315)
	at scala.meta.internal.mtags.SymbolIndexBucket.$anonfun$query0$1(SymbolIndexBucket.scala:220)
	at scala.meta.internal.mtags.SymbolIndexBucket.$anonfun$query0$1$adapted(SymbolIndexBucket.scala:220)
	at scala.collection.immutable.Set$Set2.foreach(Set.scala:210)
	at scala.meta.internal.mtags.SymbolIndexBucket.query0(SymbolIndexBucket.scala:220)
	at scala.meta.internal.mtags.SymbolIndexBucket.$anonfun$query0$8(SymbolIndexBucket.scala:242)
	at scala.collection.immutable.List.flatMap(List.scala:283)
	at scala.meta.internal.mtags.SymbolIndexBucket.query0(SymbolIndexBucket.scala:242)
	at scala.meta.internal.mtags.SymbolIndexBucket.query(SymbolIndexBucket.scala:193)
	at scala.meta.internal.mtags.OnDemandSymbolIndex.$anonfun$findSymbolDefinition$1(OnDemandSymbolIndex.scala:143)
	at scala.collection.immutable.List.flatMap(List.scala:283)
	at scala.meta.internal.mtags.OnDemandSymbolIndex.findSymbolDefinition(OnDemandSymbolIndex.scala:143)
	at scala.meta.internal.mtags.OnDemandSymbolIndex.definition(OnDemandSymbolIndex.scala:48)
	at scala.meta.internal.metals.Docstrings.indexSymbol(Docstrings.scala:138)
	at scala.meta.internal.metals.Docstrings.documentation(Docstrings.scala:49)
	at scala.meta.internal.metals.MetalsSymbolSearch.documentation(MetalsSymbolSearch.scala:47)
	at dotty.tools.pc.utils.InteractiveEnrichments$.symbolDocumentation(InteractiveEnrichments.scala:286)
	at dotty.tools.pc.printer.ShortenedTypePrinter.paramsDocs$lzyINIT1$1(ShortenedTypePrinter.scala:317)
	at dotty.tools.pc.printer.ShortenedTypePrinter.paramsDocs$1(ShortenedTypePrinter.scala:321)
	at dotty.tools.pc.printer.ShortenedTypePrinter.$anonfun$3(ShortenedTypePrinter.scala:338)
	at dotty.tools.pc.printer.ShortenedTypePrinter.paramLabel(ShortenedTypePrinter.scala:489)
	at dotty.tools.pc.printer.ShortenedTypePrinter.$anonfun$2(ShortenedTypePrinter.scala:340)
	at scala.collection.immutable.List.flatMap(List.scala:294)
	at dotty.tools.pc.printer.ShortenedTypePrinter.label$1$$anonfun$1(ShortenedTypePrinter.scala:326)
	at scala.collection.immutable.List.flatMap(List.scala:294)
	at dotty.tools.pc.printer.ShortenedTypePrinter.label$1(ShortenedTypePrinter.scala:325)
	at dotty.tools.pc.printer.ShortenedTypePrinter.defaultMethodSignature(ShortenedTypePrinter.scala:350)
	at dotty.tools.pc.printer.ShortenedTypePrinter.hoverSymbol(ShortenedTypePrinter.scala:244)
	at dotty.tools.pc.HoverProvider$.hover(HoverProvider.scala:128)
	at dotty.tools.pc.ScalaPresentationCompiler.hover$$anonfun$1(ScalaPresentationCompiler.scala:433)
	at scala.meta.internal.pc.CompilerAccess.withSharedCompiler(CompilerAccess.scala:149)
	at scala.meta.internal.pc.CompilerAccess.withNonInterruptableCompiler$$anonfun$1(CompilerAccess.scala:133)
	at scala.meta.internal.pc.CompilerAccess.onCompilerJobQueue$$anonfun$1(CompilerAccess.scala:210)
	at scala.meta.internal.pc.CompilerJobQueue$Job.run(CompilerJobQueue.scala:153)
	at java.base/java.util.concurrent.ThreadPoolExecutor.runWorker(ThreadPoolExecutor.java:1136)
	at java.base/java.util.concurrent.ThreadPoolExecutor$Worker.run(ThreadPoolExecutor.java:635)
	at java.base/java.lang.Thread.run(Thread.java:840)

2026.08.22 13:48:30 INFO  compiling lince20 (4 scala sources)
2026.08.22 13:48:30 INFO  time: compiled lince20 in 0.89s
2026.08.22 13:49:04 INFO  compiling lince20 (4 scala sources)
2026.08.22 13:49:05 INFO  time: compiled lince20 in 1.11s
2026.08.22 13:49:05 INFO  compiling lince20 (14 scala sources)
2026.08.22 13:49:07 INFO  time: compiled lince20 in 2.7s
ago. 22, 2026 2:18:35 DA TARDE org.eclipse.lsp4j.jsonrpc.RemoteEndpoint handleCancellation
WARNING: Unmatched cancel notification for request id 752
2026.08.22 14:41:25 INFO  compiling lince20 (1 scala source)
2026.08.22 14:41:25 INFO  time: compiled lince20 in 0.45s
2026.08.22 14:41:25 INFO  compiling lince20 (14 scala sources)
2026.08.22 14:41:29 INFO  time: compiled lince20 in 2.77s
ago. 22, 2026 2:41:38 DA TARDE scala.meta.internal.mtags.SymbolIndexBucket addMtagsSourceFile
WARNING: Error indexing /home/fernando/Desktop/lince-2.0/src/main/scala/lince/backend/Streams.scala
java.nio.file.NoSuchFileException: /home/fernando/Desktop/lince-2.0/src/main/scala/lince/backend/Streams.scala
	at java.base/sun.nio.fs.UnixException.translateToIOException(UnixException.java:92)
	at java.base/sun.nio.fs.UnixException.rethrowAsIOException(UnixException.java:106)
	at java.base/sun.nio.fs.UnixException.rethrowAsIOException(UnixException.java:111)
	at java.base/sun.nio.fs.UnixFileSystemProvider.newByteChannel(UnixFileSystemProvider.java:218)
	at java.base/java.nio.file.Files.newByteChannel(Files.java:380)
	at java.base/java.nio.file.Files.newByteChannel(Files.java:432)
	at java.base/java.nio.file.Files.readAllBytes(Files.java:3288)
	at scala.meta.internal.io.PlatformFileIO$.slurp(PlatformFileIO.scala:38)
	at scala.meta.internal.io.FileIO$.slurp(FileIO.scala:18)
	at scala.meta.internal.mtags.ScalametaCommonEnrichments$XtensionAbsolutePath.toInput(ScalametaCommonEnrichments.scala:512)
	at scala.meta.internal.mtags.Mtags.index(Mtags.scala:101)
	at scala.meta.internal.mtags.Mtags.allSymbols(Mtags.scala:21)
	at scala.meta.internal.mtags.SymbolIndexBucket.allSymbols(SymbolIndexBucket.scala:293)
	at scala.meta.internal.mtags.SymbolIndexBucket.addMtagsSourceFile(SymbolIndexBucket.scala:304)
	at scala.meta.internal.mtags.SymbolIndexBucket.$anonfun$query0$7(SymbolIndexBucket.scala:236)
	at scala.meta.internal.mtags.SymbolIndexBucket.$anonfun$query0$7$adapted(SymbolIndexBucket.scala:231)
	at scala.collection.IterableOnceOps.foreach(IterableOnce.scala:630)
	at scala.collection.IterableOnceOps.foreach$(IterableOnce.scala:628)
	at scala.collection.AbstractIterable.foreach(Iterable.scala:936)
	at scala.collection.IterableOps$WithFilter.foreach(Iterable.scala:906)
	at scala.meta.internal.mtags.SymbolIndexBucket.query0(SymbolIndexBucket.scala:231)
	at scala.meta.internal.mtags.SymbolIndexBucket.query(SymbolIndexBucket.scala:193)
	at scala.meta.internal.mtags.OnDemandSymbolIndex.$anonfun$findSymbolDefinition$1(OnDemandSymbolIndex.scala:143)
	at scala.collection.immutable.List.flatMap(List.scala:283)
	at scala.meta.internal.mtags.OnDemandSymbolIndex.findSymbolDefinition(OnDemandSymbolIndex.scala:143)
	at scala.meta.internal.mtags.OnDemandSymbolIndex.definition(OnDemandSymbolIndex.scala:48)
	at scala.meta.internal.metals.Docstrings.indexSymbol(Docstrings.scala:138)
	at scala.meta.internal.metals.Docstrings.documentation(Docstrings.scala:49)
	at scala.meta.internal.metals.MetalsSymbolSearch.documentation(MetalsSymbolSearch.scala:47)
	at dotty.tools.pc.utils.InteractiveEnrichments$.symbolDocumentation(InteractiveEnrichments.scala:286)
	at dotty.tools.pc.printer.ShortenedTypePrinter.paramsDocs$lzyINIT1$1(ShortenedTypePrinter.scala:317)
	at dotty.tools.pc.printer.ShortenedTypePrinter.paramsDocs$1(ShortenedTypePrinter.scala:321)
	at dotty.tools.pc.printer.ShortenedTypePrinter.$anonfun$3(ShortenedTypePrinter.scala:338)
	at dotty.tools.pc.printer.ShortenedTypePrinter.paramLabel(ShortenedTypePrinter.scala:489)
	at dotty.tools.pc.printer.ShortenedTypePrinter.$anonfun$2(ShortenedTypePrinter.scala:340)
	at scala.collection.immutable.List.flatMap(List.scala:294)
	at dotty.tools.pc.printer.ShortenedTypePrinter.label$1$$anonfun$1(ShortenedTypePrinter.scala:326)
	at scala.collection.immutable.List.flatMap(List.scala:294)
	at dotty.tools.pc.printer.ShortenedTypePrinter.label$1(ShortenedTypePrinter.scala:325)
	at dotty.tools.pc.printer.ShortenedTypePrinter.defaultMethodSignature(ShortenedTypePrinter.scala:350)
	at dotty.tools.pc.printer.ShortenedTypePrinter.hoverSymbol(ShortenedTypePrinter.scala:244)
	at dotty.tools.pc.HoverProvider$.hover(HoverProvider.scala:128)
	at dotty.tools.pc.ScalaPresentationCompiler.hover$$anonfun$1(ScalaPresentationCompiler.scala:433)
	at scala.meta.internal.pc.CompilerAccess.withSharedCompiler(CompilerAccess.scala:149)
	at scala.meta.internal.pc.CompilerAccess.withNonInterruptableCompiler$$anonfun$1(CompilerAccess.scala:133)
	at scala.meta.internal.pc.CompilerAccess.onCompilerJobQueue$$anonfun$1(CompilerAccess.scala:210)
	at scala.meta.internal.pc.CompilerJobQueue$Job.run(CompilerJobQueue.scala:153)
	at java.base/java.util.concurrent.ThreadPoolExecutor.runWorker(ThreadPoolExecutor.java:1136)
	at java.base/java.util.concurrent.ThreadPoolExecutor$Worker.run(ThreadPoolExecutor.java:635)
	at java.base/java.lang.Thread.run(Thread.java:840)

ago. 22, 2026 2:41:38 DA TARDE scala.meta.internal.mtags.SymbolIndexBucket addMtagsSourceFile
WARNING: Error indexing /home/fernando/Desktop/lince-2.0/src/main/scala/lince/backend/Streams.scala
java.nio.file.NoSuchFileException: /home/fernando/Desktop/lince-2.0/src/main/scala/lince/backend/Streams.scala
	at java.base/sun.nio.fs.UnixException.translateToIOException(UnixException.java:92)
	at java.base/sun.nio.fs.UnixException.rethrowAsIOException(UnixException.java:106)
	at java.base/sun.nio.fs.UnixException.rethrowAsIOException(UnixException.java:111)
	at java.base/sun.nio.fs.UnixFileSystemProvider.newByteChannel(UnixFileSystemProvider.java:218)
	at java.base/java.nio.file.Files.newByteChannel(Files.java:380)
	at java.base/java.nio.file.Files.newByteChannel(Files.java:432)
	at java.base/java.nio.file.Files.readAllBytes(Files.java:3288)
	at scala.meta.internal.io.PlatformFileIO$.slurp(PlatformFileIO.scala:38)
	at scala.meta.internal.io.FileIO$.slurp(FileIO.scala:18)
	at scala.meta.internal.mtags.ScalametaCommonEnrichments$XtensionAbsolutePath.toInput(ScalametaCommonEnrichments.scala:512)
	at scala.meta.internal.mtags.Mtags.index(Mtags.scala:101)
	at scala.meta.internal.mtags.Mtags.allSymbols(Mtags.scala:21)
	at scala.meta.internal.mtags.SymbolIndexBucket.allSymbols(SymbolIndexBucket.scala:293)
	at scala.meta.internal.mtags.SymbolIndexBucket.addMtagsSourceFile(SymbolIndexBucket.scala:304)
	at scala.meta.internal.mtags.SymbolIndexBucket.addMtagsSourceFile(SymbolIndexBucket.scala:315)
	at scala.meta.internal.mtags.SymbolIndexBucket.$anonfun$query0$7(SymbolIndexBucket.scala:236)
	at scala.meta.internal.mtags.SymbolIndexBucket.$anonfun$query0$7$adapted(SymbolIndexBucket.scala:231)
	at scala.collection.IterableOnceOps.foreach(IterableOnce.scala:630)
	at scala.collection.IterableOnceOps.foreach$(IterableOnce.scala:628)
	at scala.collection.AbstractIterable.foreach(Iterable.scala:936)
	at scala.collection.IterableOps$WithFilter.foreach(Iterable.scala:906)
	at scala.meta.internal.mtags.SymbolIndexBucket.query0(SymbolIndexBucket.scala:231)
	at scala.meta.internal.mtags.SymbolIndexBucket.query(SymbolIndexBucket.scala:193)
	at scala.meta.internal.mtags.OnDemandSymbolIndex.$anonfun$findSymbolDefinition$1(OnDemandSymbolIndex.scala:143)
	at scala.collection.immutable.List.flatMap(List.scala:283)
	at scala.meta.internal.mtags.OnDemandSymbolIndex.findSymbolDefinition(OnDemandSymbolIndex.scala:143)
	at scala.meta.internal.mtags.OnDemandSymbolIndex.definition(OnDemandSymbolIndex.scala:48)
	at scala.meta.internal.metals.Docstrings.indexSymbol(Docstrings.scala:138)
	at scala.meta.internal.metals.Docstrings.documentation(Docstrings.scala:49)
	at scala.meta.internal.metals.MetalsSymbolSearch.documentation(MetalsSymbolSearch.scala:47)
	at dotty.tools.pc.utils.InteractiveEnrichments$.symbolDocumentation(InteractiveEnrichments.scala:286)
	at dotty.tools.pc.printer.ShortenedTypePrinter.paramsDocs$lzyINIT1$1(ShortenedTypePrinter.scala:317)
	at dotty.tools.pc.printer.ShortenedTypePrinter.paramsDocs$1(ShortenedTypePrinter.scala:321)
	at dotty.tools.pc.printer.ShortenedTypePrinter.$anonfun$3(ShortenedTypePrinter.scala:338)
	at dotty.tools.pc.printer.ShortenedTypePrinter.paramLabel(ShortenedTypePrinter.scala:489)
	at dotty.tools.pc.printer.ShortenedTypePrinter.$anonfun$2(ShortenedTypePrinter.scala:340)
	at scala.collection.immutable.List.flatMap(List.scala:294)
	at dotty.tools.pc.printer.ShortenedTypePrinter.label$1$$anonfun$1(ShortenedTypePrinter.scala:326)
	at scala.collection.immutable.List.flatMap(List.scala:294)
	at dotty.tools.pc.printer.ShortenedTypePrinter.label$1(ShortenedTypePrinter.scala:325)
	at dotty.tools.pc.printer.ShortenedTypePrinter.defaultMethodSignature(ShortenedTypePrinter.scala:350)
	at dotty.tools.pc.printer.ShortenedTypePrinter.hoverSymbol(ShortenedTypePrinter.scala:244)
	at dotty.tools.pc.HoverProvider$.hover(HoverProvider.scala:128)
	at dotty.tools.pc.ScalaPresentationCompiler.hover$$anonfun$1(ScalaPresentationCompiler.scala:433)
	at scala.meta.internal.pc.CompilerAccess.withSharedCompiler(CompilerAccess.scala:149)
	at scala.meta.internal.pc.CompilerAccess.withNonInterruptableCompiler$$anonfun$1(CompilerAccess.scala:133)
	at scala.meta.internal.pc.CompilerAccess.onCompilerJobQueue$$anonfun$1(CompilerAccess.scala:210)
	at scala.meta.internal.pc.CompilerJobQueue$Job.run(CompilerJobQueue.scala:153)
	at java.base/java.util.concurrent.ThreadPoolExecutor.runWorker(ThreadPoolExecutor.java:1136)
	at java.base/java.util.concurrent.ThreadPoolExecutor$Worker.run(ThreadPoolExecutor.java:635)
	at java.base/java.lang.Thread.run(Thread.java:840)

ago. 22, 2026 2:41:38 DA TARDE scala.meta.internal.mtags.SymbolIndexBucket addMtagsSourceFile
WARNING: Error indexing /home/fernando/Desktop/lince-2.0/src/main/scala/lince/backend/Streams.scala
java.nio.file.NoSuchFileException: /home/fernando/Desktop/lince-2.0/src/main/scala/lince/backend/Streams.scala
	at java.base/sun.nio.fs.UnixException.translateToIOException(UnixException.java:92)
	at java.base/sun.nio.fs.UnixException.rethrowAsIOException(UnixException.java:106)
	at java.base/sun.nio.fs.UnixException.rethrowAsIOException(UnixException.java:111)
	at java.base/sun.nio.fs.UnixFileSystemProvider.newByteChannel(UnixFileSystemProvider.java:218)
	at java.base/java.nio.file.Files.newByteChannel(Files.java:380)
	at java.base/java.nio.file.Files.newByteChannel(Files.java:432)
	at java.base/java.nio.file.Files.readAllBytes(Files.java:3288)
	at scala.meta.internal.io.PlatformFileIO$.slurp(PlatformFileIO.scala:38)
	at scala.meta.internal.io.FileIO$.slurp(FileIO.scala:18)
	at scala.meta.internal.mtags.ScalametaCommonEnrichments$XtensionAbsolutePath.toInput(ScalametaCommonEnrichments.scala:512)
	at scala.meta.internal.mtags.Mtags.index(Mtags.scala:101)
	at scala.meta.internal.mtags.Mtags.allSymbols(Mtags.scala:21)
	at scala.meta.internal.mtags.SymbolIndexBucket.allSymbols(SymbolIndexBucket.scala:293)
	at scala.meta.internal.mtags.SymbolIndexBucket.addMtagsSourceFile(SymbolIndexBucket.scala:304)
	at scala.meta.internal.mtags.SymbolIndexBucket.$anonfun$query0$7(SymbolIndexBucket.scala:236)
	at scala.meta.internal.mtags.SymbolIndexBucket.$anonfun$query0$7$adapted(SymbolIndexBucket.scala:231)
	at scala.collection.IterableOnceOps.foreach(IterableOnce.scala:630)
	at scala.collection.IterableOnceOps.foreach$(IterableOnce.scala:628)
	at scala.collection.AbstractIterable.foreach(Iterable.scala:936)
	at scala.collection.IterableOps$WithFilter.foreach(Iterable.scala:906)
	at scala.meta.internal.mtags.SymbolIndexBucket.query0(SymbolIndexBucket.scala:231)
	at scala.meta.internal.mtags.SymbolIndexBucket.$anonfun$query0$8(SymbolIndexBucket.scala:242)
	at scala.collection.immutable.List.flatMap(List.scala:283)
	at scala.meta.internal.mtags.SymbolIndexBucket.query0(SymbolIndexBucket.scala:242)
	at scala.meta.internal.mtags.SymbolIndexBucket.query(SymbolIndexBucket.scala:193)
	at scala.meta.internal.mtags.OnDemandSymbolIndex.$anonfun$findSymbolDefinition$1(OnDemandSymbolIndex.scala:143)
	at scala.collection.immutable.List.flatMap(List.scala:283)
	at scala.meta.internal.mtags.OnDemandSymbolIndex.findSymbolDefinition(OnDemandSymbolIndex.scala:143)
	at scala.meta.internal.mtags.OnDemandSymbolIndex.definition(OnDemandSymbolIndex.scala:48)
	at scala.meta.internal.metals.Docstrings.indexSymbol(Docstrings.scala:138)
	at scala.meta.internal.metals.Docstrings.documentation(Docstrings.scala:49)
	at scala.meta.internal.metals.MetalsSymbolSearch.documentation(MetalsSymbolSearch.scala:47)
	at dotty.tools.pc.utils.InteractiveEnrichments$.symbolDocumentation(InteractiveEnrichments.scala:286)
	at dotty.tools.pc.printer.ShortenedTypePrinter.paramsDocs$lzyINIT1$1(ShortenedTypePrinter.scala:317)
	at dotty.tools.pc.printer.ShortenedTypePrinter.paramsDocs$1(ShortenedTypePrinter.scala:321)
	at dotty.tools.pc.printer.ShortenedTypePrinter.$anonfun$3(ShortenedTypePrinter.scala:338)
	at dotty.tools.pc.printer.ShortenedTypePrinter.paramLabel(ShortenedTypePrinter.scala:489)
	at dotty.tools.pc.printer.ShortenedTypePrinter.$anonfun$2(ShortenedTypePrinter.scala:340)
	at scala.collection.immutable.List.flatMap(List.scala:294)
	at dotty.tools.pc.printer.ShortenedTypePrinter.label$1$$anonfun$1(ShortenedTypePrinter.scala:326)
	at scala.collection.immutable.List.flatMap(List.scala:294)
	at dotty.tools.pc.printer.ShortenedTypePrinter.label$1(ShortenedTypePrinter.scala:325)
	at dotty.tools.pc.printer.ShortenedTypePrinter.defaultMethodSignature(ShortenedTypePrinter.scala:350)
	at dotty.tools.pc.printer.ShortenedTypePrinter.hoverSymbol(ShortenedTypePrinter.scala:244)
	at dotty.tools.pc.HoverProvider$.hover(HoverProvider.scala:128)
	at dotty.tools.pc.ScalaPresentationCompiler.hover$$anonfun$1(ScalaPresentationCompiler.scala:433)
	at scala.meta.internal.pc.CompilerAccess.withSharedCompiler(CompilerAccess.scala:149)
	at scala.meta.internal.pc.CompilerAccess.withNonInterruptableCompiler$$anonfun$1(CompilerAccess.scala:133)
	at scala.meta.internal.pc.CompilerAccess.onCompilerJobQueue$$anonfun$1(CompilerAccess.scala:210)
	at scala.meta.internal.pc.CompilerJobQueue$Job.run(CompilerJobQueue.scala:153)
	at java.base/java.util.concurrent.ThreadPoolExecutor.runWorker(ThreadPoolExecutor.java:1136)
	at java.base/java.util.concurrent.ThreadPoolExecutor$Worker.run(ThreadPoolExecutor.java:635)
	at java.base/java.lang.Thread.run(Thread.java:840)

ago. 22, 2026 2:41:38 DA TARDE scala.meta.internal.mtags.SymbolIndexBucket addMtagsSourceFile
WARNING: Error indexing /home/fernando/Desktop/lince-2.0/src/main/scala/lince/backend/Streams.scala
java.nio.file.NoSuchFileException: /home/fernando/Desktop/lince-2.0/src/main/scala/lince/backend/Streams.scala
	at java.base/sun.nio.fs.UnixException.translateToIOException(UnixException.java:92)
	at java.base/sun.nio.fs.UnixException.rethrowAsIOException(UnixException.java:106)
	at java.base/sun.nio.fs.UnixException.rethrowAsIOException(UnixException.java:111)
	at java.base/sun.nio.fs.UnixFileSystemProvider.newByteChannel(UnixFileSystemProvider.java:218)
	at java.base/java.nio.file.Files.newByteChannel(Files.java:380)
	at java.base/java.nio.file.Files.newByteChannel(Files.java:432)
	at java.base/java.nio.file.Files.readAllBytes(Files.java:3288)
	at scala.meta.internal.io.PlatformFileIO$.slurp(PlatformFileIO.scala:38)
	at scala.meta.internal.io.FileIO$.slurp(FileIO.scala:18)
	at scala.meta.internal.mtags.ScalametaCommonEnrichments$XtensionAbsolutePath.toInput(ScalametaCommonEnrichments.scala:512)
	at scala.meta.internal.mtags.Mtags.index(Mtags.scala:101)
	at scala.meta.internal.mtags.Mtags.allSymbols(Mtags.scala:21)
	at scala.meta.internal.mtags.SymbolIndexBucket.allSymbols(SymbolIndexBucket.scala:293)
	at scala.meta.internal.mtags.SymbolIndexBucket.addMtagsSourceFile(SymbolIndexBucket.scala:304)
	at scala.meta.internal.mtags.SymbolIndexBucket.addMtagsSourceFile(SymbolIndexBucket.scala:315)
	at scala.meta.internal.mtags.SymbolIndexBucket.$anonfun$query0$7(SymbolIndexBucket.scala:236)
	at scala.meta.internal.mtags.SymbolIndexBucket.$anonfun$query0$7$adapted(SymbolIndexBucket.scala:231)
	at scala.collection.IterableOnceOps.foreach(IterableOnce.scala:630)
	at scala.collection.IterableOnceOps.foreach$(IterableOnce.scala:628)
	at scala.collection.AbstractIterable.foreach(Iterable.scala:936)
	at scala.collection.IterableOps$WithFilter.foreach(Iterable.scala:906)
	at scala.meta.internal.mtags.SymbolIndexBucket.query0(SymbolIndexBucket.scala:231)
	at scala.meta.internal.mtags.SymbolIndexBucket.$anonfun$query0$8(SymbolIndexBucket.scala:242)
	at scala.collection.immutable.List.flatMap(List.scala:283)
	at scala.meta.internal.mtags.SymbolIndexBucket.query0(SymbolIndexBucket.scala:242)
	at scala.meta.internal.mtags.SymbolIndexBucket.query(SymbolIndexBucket.scala:193)
	at scala.meta.internal.mtags.OnDemandSymbolIndex.$anonfun$findSymbolDefinition$1(OnDemandSymbolIndex.scala:143)
	at scala.collection.immutable.List.flatMap(List.scala:283)
	at scala.meta.internal.mtags.OnDemandSymbolIndex.findSymbolDefinition(OnDemandSymbolIndex.scala:143)
	at scala.meta.internal.mtags.OnDemandSymbolIndex.definition(OnDemandSymbolIndex.scala:48)
	at scala.meta.internal.metals.Docstrings.indexSymbol(Docstrings.scala:138)
	at scala.meta.internal.metals.Docstrings.documentation(Docstrings.scala:49)
	at scala.meta.internal.metals.MetalsSymbolSearch.documentation(MetalsSymbolSearch.scala:47)
	at dotty.tools.pc.utils.InteractiveEnrichments$.symbolDocumentation(InteractiveEnrichments.scala:286)
	at dotty.tools.pc.printer.ShortenedTypePrinter.paramsDocs$lzyINIT1$1(ShortenedTypePrinter.scala:317)
	at dotty.tools.pc.printer.ShortenedTypePrinter.paramsDocs$1(ShortenedTypePrinter.scala:321)
	at dotty.tools.pc.printer.ShortenedTypePrinter.$anonfun$3(ShortenedTypePrinter.scala:338)
	at dotty.tools.pc.printer.ShortenedTypePrinter.paramLabel(ShortenedTypePrinter.scala:489)
	at dotty.tools.pc.printer.ShortenedTypePrinter.$anonfun$2(ShortenedTypePrinter.scala:340)
	at scala.collection.immutable.List.flatMap(List.scala:294)
	at dotty.tools.pc.printer.ShortenedTypePrinter.label$1$$anonfun$1(ShortenedTypePrinter.scala:326)
	at scala.collection.immutable.List.flatMap(List.scala:294)
	at dotty.tools.pc.printer.ShortenedTypePrinter.label$1(ShortenedTypePrinter.scala:325)
	at dotty.tools.pc.printer.ShortenedTypePrinter.defaultMethodSignature(ShortenedTypePrinter.scala:350)
	at dotty.tools.pc.printer.ShortenedTypePrinter.hoverSymbol(ShortenedTypePrinter.scala:244)
	at dotty.tools.pc.HoverProvider$.hover(HoverProvider.scala:128)
	at dotty.tools.pc.ScalaPresentationCompiler.hover$$anonfun$1(ScalaPresentationCompiler.scala:433)
	at scala.meta.internal.pc.CompilerAccess.withSharedCompiler(CompilerAccess.scala:149)
	at scala.meta.internal.pc.CompilerAccess.withNonInterruptableCompiler$$anonfun$1(CompilerAccess.scala:133)
	at scala.meta.internal.pc.CompilerAccess.onCompilerJobQueue$$anonfun$1(CompilerAccess.scala:210)
	at scala.meta.internal.pc.CompilerJobQueue$Job.run(CompilerJobQueue.scala:153)
	at java.base/java.util.concurrent.ThreadPoolExecutor.runWorker(ThreadPoolExecutor.java:1136)
	at java.base/java.util.concurrent.ThreadPoolExecutor$Worker.run(ThreadPoolExecutor.java:635)
	at java.base/java.lang.Thread.run(Thread.java:840)

2026.08.22 14:42:26 INFO  compiling lince20 (2 scala sources)
2026.08.22 14:42:26 INFO  time: compiled lince20 in 0.65s
ago. 22, 2026 2:43:01 DA TARDE scala.meta.internal.mtags.SymbolIndexBucket addMtagsSourceFile
WARNING: Error indexing /home/fernando/Desktop/lince-2.0/src/main/scala/lince/backend/Streams.scala
java.nio.file.NoSuchFileException: /home/fernando/Desktop/lince-2.0/src/main/scala/lince/backend/Streams.scala
	at java.base/sun.nio.fs.UnixException.translateToIOException(UnixException.java:92)
	at java.base/sun.nio.fs.UnixException.rethrowAsIOException(UnixException.java:106)
	at java.base/sun.nio.fs.UnixException.rethrowAsIOException(UnixException.java:111)
	at java.base/sun.nio.fs.UnixFileSystemProvider.newByteChannel(UnixFileSystemProvider.java:218)
	at java.base/java.nio.file.Files.newByteChannel(Files.java:380)
	at java.base/java.nio.file.Files.newByteChannel(Files.java:432)
	at java.base/java.nio.file.Files.readAllBytes(Files.java:3288)
	at scala.meta.internal.io.PlatformFileIO$.slurp(PlatformFileIO.scala:38)
	at scala.meta.internal.io.FileIO$.slurp(FileIO.scala:18)
	at scala.meta.internal.mtags.ScalametaCommonEnrichments$XtensionAbsolutePath.toInput(ScalametaCommonEnrichments.scala:512)
	at scala.meta.internal.mtags.Mtags.index(Mtags.scala:101)
	at scala.meta.internal.mtags.Mtags.allSymbols(Mtags.scala:21)
	at scala.meta.internal.mtags.SymbolIndexBucket.allSymbols(SymbolIndexBucket.scala:293)
	at scala.meta.internal.mtags.SymbolIndexBucket.addMtagsSourceFile(SymbolIndexBucket.scala:304)
	at scala.meta.internal.mtags.SymbolIndexBucket.$anonfun$query0$7(SymbolIndexBucket.scala:236)
	at scala.meta.internal.mtags.SymbolIndexBucket.$anonfun$query0$7$adapted(SymbolIndexBucket.scala:231)
	at scala.collection.IterableOnceOps.foreach(IterableOnce.scala:630)
	at scala.collection.IterableOnceOps.foreach$(IterableOnce.scala:628)
	at scala.collection.AbstractIterable.foreach(Iterable.scala:936)
	at scala.collection.IterableOps$WithFilter.foreach(Iterable.scala:906)
	at scala.meta.internal.mtags.SymbolIndexBucket.query0(SymbolIndexBucket.scala:231)
	at scala.meta.internal.mtags.SymbolIndexBucket.query(SymbolIndexBucket.scala:193)
	at scala.meta.internal.mtags.OnDemandSymbolIndex.$anonfun$findSymbolDefinition$1(OnDemandSymbolIndex.scala:143)
	at scala.collection.immutable.List.flatMap(List.scala:283)
	at scala.meta.internal.mtags.OnDemandSymbolIndex.findSymbolDefinition(OnDemandSymbolIndex.scala:143)
	at scala.meta.internal.mtags.OnDemandSymbolIndex.definition(OnDemandSymbolIndex.scala:48)
	at scala.meta.internal.metals.Docstrings.indexSymbol(Docstrings.scala:138)
	at scala.meta.internal.metals.Docstrings.documentation(Docstrings.scala:49)
	at scala.meta.internal.metals.MetalsSymbolSearch.documentation(MetalsSymbolSearch.scala:47)
	at dotty.tools.pc.utils.InteractiveEnrichments$.symbolDocumentation(InteractiveEnrichments.scala:286)
	at dotty.tools.pc.CompletionItemResolver$.docs$1(CompletionItemResolver.scala:53)
	at dotty.tools.pc.CompletionItemResolver$.fullDocstring(CompletionItemResolver.scala:77)
	at dotty.tools.pc.CompletionItemResolver$.resolve$$anonfun$2(CompletionItemResolver.scala:38)
	at scala.meta.internal.pc.ItemResolver.enrichDocs(ItemResolver.scala:76)
	at scala.meta.internal.pc.ItemResolver.enrichDocs$(ItemResolver.scala:11)
	at dotty.tools.pc.CompletionItemResolver$.enrichDocs(CompletionItemResolver.scala:16)
	at dotty.tools.pc.CompletionItemResolver$.resolve(CompletionItemResolver.scala:39)
	at dotty.tools.pc.ScalaPresentationCompiler.completionItemResolve$$anonfun$1(ScalaPresentationCompiler.scala:293)
	at scala.meta.internal.pc.CompilerAccess.withSharedCompiler(CompilerAccess.scala:149)
	at scala.meta.internal.pc.CompilerAccess.withNonInterruptableCompiler$$anonfun$1(CompilerAccess.scala:133)
	at scala.meta.internal.pc.CompilerAccess.onCompilerJobQueue$$anonfun$1(CompilerAccess.scala:210)
	at scala.meta.internal.pc.CompilerJobQueue$Job.run(CompilerJobQueue.scala:153)
	at java.base/java.util.concurrent.ThreadPoolExecutor.runWorker(ThreadPoolExecutor.java:1136)
	at java.base/java.util.concurrent.ThreadPoolExecutor$Worker.run(ThreadPoolExecutor.java:635)
	at java.base/java.lang.Thread.run(Thread.java:840)

ago. 22, 2026 2:43:01 DA TARDE scala.meta.internal.mtags.SymbolIndexBucket addMtagsSourceFile
WARNING: Error indexing /home/fernando/Desktop/lince-2.0/src/main/scala/lince/backend/Streams.scala
java.nio.file.NoSuchFileException: /home/fernando/Desktop/lince-2.0/src/main/scala/lince/backend/Streams.scala
	at java.base/sun.nio.fs.UnixException.translateToIOException(UnixException.java:92)
	at java.base/sun.nio.fs.UnixException.rethrowAsIOException(UnixException.java:106)
	at java.base/sun.nio.fs.UnixException.rethrowAsIOException(UnixException.java:111)
	at java.base/sun.nio.fs.UnixFileSystemProvider.newByteChannel(UnixFileSystemProvider.java:218)
	at java.base/java.nio.file.Files.newByteChannel(Files.java:380)
	at java.base/java.nio.file.Files.newByteChannel(Files.java:432)
	at java.base/java.nio.file.Files.readAllBytes(Files.java:3288)
	at scala.meta.internal.io.PlatformFileIO$.slurp(PlatformFileIO.scala:38)
	at scala.meta.internal.io.FileIO$.slurp(FileIO.scala:18)
	at scala.meta.internal.mtags.ScalametaCommonEnrichments$XtensionAbsolutePath.toInput(ScalametaCommonEnrichments.scala:512)
	at scala.meta.internal.mtags.Mtags.index(Mtags.scala:101)
	at scala.meta.internal.mtags.Mtags.allSymbols(Mtags.scala:21)
	at scala.meta.internal.mtags.SymbolIndexBucket.allSymbols(SymbolIndexBucket.scala:293)
	at scala.meta.internal.mtags.SymbolIndexBucket.addMtagsSourceFile(SymbolIndexBucket.scala:304)
	at scala.meta.internal.mtags.SymbolIndexBucket.addMtagsSourceFile(SymbolIndexBucket.scala:315)
	at scala.meta.internal.mtags.SymbolIndexBucket.$anonfun$query0$7(SymbolIndexBucket.scala:236)
	at scala.meta.internal.mtags.SymbolIndexBucket.$anonfun$query0$7$adapted(SymbolIndexBucket.scala:231)
	at scala.collection.IterableOnceOps.foreach(IterableOnce.scala:630)
	at scala.collection.IterableOnceOps.foreach$(IterableOnce.scala:628)
	at scala.collection.AbstractIterable.foreach(Iterable.scala:936)
	at scala.collection.IterableOps$WithFilter.foreach(Iterable.scala:906)
	at scala.meta.internal.mtags.SymbolIndexBucket.query0(SymbolIndexBucket.scala:231)
	at scala.meta.internal.mtags.SymbolIndexBucket.query(SymbolIndexBucket.scala:193)
	at scala.meta.internal.mtags.OnDemandSymbolIndex.$anonfun$findSymbolDefinition$1(OnDemandSymbolIndex.scala:143)
	at scala.collection.immutable.List.flatMap(List.scala:283)
	at scala.meta.internal.mtags.OnDemandSymbolIndex.findSymbolDefinition(OnDemandSymbolIndex.scala:143)
	at scala.meta.internal.mtags.OnDemandSymbolIndex.definition(OnDemandSymbolIndex.scala:48)
	at scala.meta.internal.metals.Docstrings.indexSymbol(Docstrings.scala:138)
	at scala.meta.internal.metals.Docstrings.documentation(Docstrings.scala:49)
	at scala.meta.internal.metals.MetalsSymbolSearch.documentation(MetalsSymbolSearch.scala:47)
	at dotty.tools.pc.utils.InteractiveEnrichments$.symbolDocumentation(InteractiveEnrichments.scala:286)
	at dotty.tools.pc.CompletionItemResolver$.docs$1(CompletionItemResolver.scala:53)
	at dotty.tools.pc.CompletionItemResolver$.fullDocstring(CompletionItemResolver.scala:77)
	at dotty.tools.pc.CompletionItemResolver$.resolve$$anonfun$2(CompletionItemResolver.scala:38)
	at scala.meta.internal.pc.ItemResolver.enrichDocs(ItemResolver.scala:76)
	at scala.meta.internal.pc.ItemResolver.enrichDocs$(ItemResolver.scala:11)
	at dotty.tools.pc.CompletionItemResolver$.enrichDocs(CompletionItemResolver.scala:16)
	at dotty.tools.pc.CompletionItemResolver$.resolve(CompletionItemResolver.scala:39)
	at dotty.tools.pc.ScalaPresentationCompiler.completionItemResolve$$anonfun$1(ScalaPresentationCompiler.scala:293)
	at scala.meta.internal.pc.CompilerAccess.withSharedCompiler(CompilerAccess.scala:149)
	at scala.meta.internal.pc.CompilerAccess.withNonInterruptableCompiler$$anonfun$1(CompilerAccess.scala:133)
	at scala.meta.internal.pc.CompilerAccess.onCompilerJobQueue$$anonfun$1(CompilerAccess.scala:210)
	at scala.meta.internal.pc.CompilerJobQueue$Job.run(CompilerJobQueue.scala:153)
	at java.base/java.util.concurrent.ThreadPoolExecutor.runWorker(ThreadPoolExecutor.java:1136)
	at java.base/java.util.concurrent.ThreadPoolExecutor$Worker.run(ThreadPoolExecutor.java:635)
	at java.base/java.lang.Thread.run(Thread.java:840)

2026.08.22 14:43:14 INFO  compiling lince20 (2 scala sources)
2026.08.22 14:43:14 INFO  time: compiled lince20 in 0.91s
2026.08.22 14:43:14 INFO  compiling lince20 (14 scala sources)
2026.08.22 14:43:17 INFO  time: compiled lince20 in 2.02s
ago. 22, 2026 2:43:35 DA TARDE org.eclipse.lsp4j.jsonrpc.RemoteEndpoint handleCancellation
WARNING: Unmatched cancel notification for request id 1271
2026.08.22 14:44:48 INFO  compiling lince20 (3 scala sources)
2026.08.22 14:44:49 INFO  time: compiled lince20 in 1.25s
2026.08.22 14:44:49 INFO  compiling lince20 (14 scala sources)
2026.08.22 14:44:49 INFO  time: compiled lince20 in 0.95s
2026.08.22 14:44:50 WARN  Could not load snapshot text for /home/fernando/Desktop/lince-2.0/src/main/scala/lince/syntax/Show.scala
2026.08.22 14:45:22 INFO  compiling lince20 (4 scala sources)
2026.08.22 14:45:23 INFO  time: compiled lince20 in 1.02s
2026.08.22 14:45:23 INFO  compiling lince20 (14 scala sources)
2026.08.22 14:45:23 INFO  time: compiled lince20 in 0.72s
2026.08.22 14:45:24 WARN  Could not load snapshot text for /home/fernando/Desktop/lince-2.0/src/main/scala/lince/backend/Eval.scala
ago. 22, 2026 2:45:30 DA TARDE org.eclipse.lsp4j.jsonrpc.RemoteEndpoint handleCancellation
WARNING: Unmatched cancel notification for request id 1461
2026.08.22 14:45:45 INFO  compiling lince20 (5 scala sources)
2026.08.22 14:45:46 INFO  time: compiled lince20 in 1.13s
2026.08.22 14:45:46 INFO  compiling lince20 (14 scala sources)
2026.08.22 14:45:49 INFO  time: compiled lince20 in 2.14s
2026.08.22 14:56:30 INFO  Created report: Optional[file:///home/fernando/Desktop/lince-2.0/src/main/scala/lince/backend/SmallStep.scala]
2026.08.22 14:56:30 INFO  empty definition using pc, found symbol in pc:  (full report at: "/home/fernando/Desktop/lince-2.0/.metals/.reports/metals-full/2026-08-22/r_empty-definition_(lince20)_14-56-30-909.md")
2026.08.22 14:56:31 INFO  compiling lince20 (1 scala source)
2026.08.22 14:56:31 INFO  time: compiled lince20 in 0.16s
2026.08.22 14:58:22 INFO  compiling lince20 (2 scala sources)
2026.08.22 14:58:22 INFO  time: compiled lince20 in 0.22s
2026.08.22 14:58:48 INFO  compiling lince20 (2 scala sources)
2026.08.22 14:58:48 INFO  time: compiled lince20 in 0.16s
2026.08.22 14:59:37 INFO  compiling lince20 (3 scala sources)
2026.08.22 14:59:37 INFO  time: compiled lince20 in 0.22s
2026.08.22 14:59:37 WARN  Could not load snapshot text for /home/fernando/Desktop/lince-2.0/src/main/scala/lince/backend/Stream.scala
2026.08.22 14:59:50 INFO  compiling lince20 (3 scala sources)
2026.08.22 14:59:50 INFO  time: compiled lince20 in 0.48s
2026.08.22 14:59:50 INFO  compiling lince20 (14 scala sources)
2026.08.22 14:59:52 INFO  time: compiled lince20 in 1.47s
2026.08.22 15:00:11 INFO  compiling lince20 (4 scala sources)
2026.08.22 15:00:11 INFO  time: compiled lince20 in 0.38s
2026.08.22 15:00:34 INFO  compiling lince20 (4 scala sources)
2026.08.22 15:00:34 INFO  time: compiled lince20 in 0.47s
2026.08.22 15:00:34 INFO  compiling lince20 (14 scala sources)
2026.08.22 15:00:36 INFO  time: compiled lince20 in 0.57s
2026.08.22 15:01:25 INFO  compiling lince20 (5 scala sources)
2026.08.22 15:01:25 INFO  time: compiled lince20 in 0.43s
2026.08.22 15:01:26 WARN  Could not load snapshot text for /home/fernando/Desktop/lince-2.0/src/main/scala/lince/syntax/Parser.scala
2026.08.22 15:01:39 WARN  Could not load snapshot text for /home/fernando/Desktop/lince-2.0/src/main/scala/lince/syntax/Parser.scala
2026.08.22 15:01:39 WARN  Could not load snapshot text for /home/fernando/Desktop/lince-2.0/src/main/scala/lince/syntax/Parser.scala
2026.08.22 15:01:43 WARN  Could not load snapshot text for /home/fernando/Desktop/lince-2.0/src/main/scala/lince/syntax/Parser.scala
2026.08.22 15:01:47 WARN  Could not load snapshot text for /home/fernando/Desktop/lince-2.0/src/main/scala/lince/syntax/Parser.scala
2026.08.22 15:01:49 INFO  compiling lince20 (5 scala sources)
2026.08.22 15:01:49 INFO  time: compiled lince20 in 0.84s
2026.08.22 15:01:49 INFO  compiling lince20 (14 scala sources)
2026.08.22 15:01:52 INFO  time: compiled lince20 in 1.83s
2026.08.22 15:11:27 INFO  compiling lince20 (1 scala source)
2026.08.22 15:11:27 INFO  time: compiled lince20 in 0.45s
2026.08.22 15:11:27 INFO  compiling lince20 (3 scala sources)
2026.08.22 15:11:28 INFO  time: compiled lince20 in 0.83s
2026.08.22 15:11:47 INFO  compiling lince20 (1 scala source)
2026.08.22 15:11:47 INFO  time: compiled lince20 in 0.35s
2026.08.22 15:11:47 INFO  compiling lince20 (2 scala sources)
2026.08.22 15:11:47 INFO  time: compiled lince20 in 0.32s
2026.08.24 21:54:20 INFO  Started: Metals version 1.6.8 in folders '/home/fernando/Desktop/lince-2.0' for client Visual Studio Code 1.101.0.
2026.08.24 21:54:20 INFO  Memory monitor started
2026.08.24 21:54:24 WARN  Using H2 2.4.240 which is newer than the version Flyway has been verified with. The latest verified version of H2 is 2.3.232.
2026.08.24 21:54:24 INFO  no build target found for /home/fernando/Desktop/lince-2.0/src/main/scala/lince/syntax/Show.scala. Using presentation compiler with project's scala-library version: 3.3.8
ago. 24, 2026 9:54:26 DA TARDE org.eclipse.lsp4j.jsonrpc.RemoteEndpoint handleCancellation
WARNING: Unmatched cancel notification for request id 2
2026.08.24 21:54:26 INFO  no build target found for /home/fernando/Desktop/lince-2.0/src/main/scala/lince/syntax/Show.scala. Using presentation compiler with project's scala-library version: 3.3.8
2026.08.24 21:54:26 INFO  Attempting to connect to the build server...
2026.08.24 21:54:26 INFO  No running Bloop server found, starting one.
2026.08.24 21:54:26 INFO  no build target found for /home/fernando/Desktop/lince-2.0/src/main/scala/lince/syntax/Show.scala. Using presentation compiler with project's scala-library version: 3.3.8
2026.08.24 21:54:26 INFO  no build target found for /home/fernando/Desktop/lince-2.0/src/main/scala/lince/syntax/Show.scala. Using presentation compiler with project's scala-library version: 3.3.8
2026.08.24 21:54:26 INFO  no build target found for /home/fernando/Desktop/lince-2.0/src/main/scala/lince/syntax/Show.scala. Using presentation compiler with project's scala-library version: 3.3.8
2026.08.24 21:54:27 INFO  Starting compilation server
2026.08.24 21:54:28 INFO  Tracing is disabled for protocol BSP. To enable tracing of incoming and outgoing JSON messages, create an empty file at /home/fernando/Desktop/lince-2.0/.metals/bsp.trace.json or /home/fernando/.cache/metals/bsp.trace.json
2026.08.24 21:54:29 INFO  Attempting to connect to the build server...
2026.08.24 21:54:29 INFO  Found a Bloop server running
2026.08.24 21:54:29 INFO  Attempting to connect to the build server...
2026.08.24 21:54:29 INFO  Found a Bloop server running
2026.08.24 21:54:29 INFO  Tracing is disabled for protocol BSP. To enable tracing of incoming and outgoing JSON messages, create an empty file at /home/fernando/Desktop/lince-2.0/project/project/.metals/bsp.trace.json or /home/fernando/.cache/metals/bsp.trace.json
2026.08.24 21:54:29 INFO  Tracing is disabled for protocol BSP. To enable tracing of incoming and outgoing JSON messages, create an empty file at /home/fernando/Desktop/lince-2.0/project/.metals/bsp.trace.json or /home/fernando/.cache/metals/bsp.trace.json
2026.08.24 21:54:29 INFO  time: Connected to build server in 3.43s
2026.08.24 21:54:30 INFO  Connected to Build server: Bloop v2.1.1
2026.08.24 21:54:30 INFO  time: Imported build in 0.16s
2026.08.24 21:54:36 WARN  Using H2 2.4.240 which is newer than the version Flyway has been verified with. The latest verified version of H2 is 2.3.232.
2026.08.24 21:54:37 INFO  time: indexed workspace in 7.42s
2026.08.24 21:54:43 INFO  Generated JavaScript file '/home/fernando/Desktop/lince-2.0/.bloop/lince20/lince20-test-js'
2026.08.24 21:54:43 WARN  Cannot discover test frameworks, missing node_modules in test project, expected them at /home/fernando/Desktop/lince-2.0/node_modules
2026.08.24 22:03:10 INFO  Generated JavaScript file '/home/fernando/Desktop/lince-2.0/.bloop/lince20/lince20-test-js'
2026.08.24 22:03:10 WARN  Cannot discover test frameworks, missing node_modules in test project, expected them at /home/fernando/Desktop/lince-2.0/node_modules
2026.08.24 22:03:12 INFO  Generated JavaScript file '/home/fernando/Desktop/lince-2.0/.bloop/caos/caos-test-js'
2026.08.24 22:03:12 WARN  Cannot discover test frameworks, missing node_modules in test project, expected them at /home/fernando/Desktop/lince-2.0/lib/caos/node_modules
2026.08.24 22:31:13 INFO  compiling lince20 (1 scala source)
2026.08.24 22:31:18 INFO  time: compiled lince20 in 4.46s
2026.08.24 22:57:10 INFO  Shutting down server
2026.08.24 22:57:10 INFO  Memory monitor stopped
2026.08.24 22:57:10 INFO  shutting down Metals
2026.08.24 22:57:10 INFO  Shut down connection with build server.
2026.08.24 22:57:10 INFO  Shut down connection with build server.
2026.08.24 22:57:10 INFO  Shut down connection with build server.
2026.08.24 22:57:10 INFO  Exiting server
2026.09.17 21:15:01 INFO  Started: Metals version 1.6.8 in folders '/home/fernando/Desktop/lince-2.0' for client Visual Studio Code 1.101.0.
2026.09.17 21:15:01 INFO  Memory monitor started
2026.09.17 21:15:01 WARN  Using H2 2.4.240 which is newer than the version Flyway has been verified with. The latest verified version of H2 is 2.3.232.
2026.09.17 21:15:01 INFO  no build target found for /home/fernando/Desktop/lince-2.0/src/main/scala/lince/frontend/examples/Basic.scala. Using presentation compiler with project's scala-library version: 3.3.8
2026.09.17 21:15:03 INFO  Attempting to connect to the build server...
2026.09.17 21:15:03 INFO  No running Bloop server found, starting one.
2026.09.17 21:15:04 INFO  Starting compilation server
2026.09.17 21:15:04 INFO  no build target found for /home/fernando/Desktop/lince-2.0/src/main/scala/lince/frontend/examples/Basic.scala. Using presentation compiler with project's scala-library version: 3.3.8
2026.09.17 21:15:04 INFO  no build target found for /home/fernando/Desktop/lince-2.0/src/main/scala/lince/frontend/examples/Basic.scala. Using presentation compiler with project's scala-library version: 3.3.8
2026.09.17 21:15:04 INFO  no build target found for /home/fernando/Desktop/lince-2.0/src/main/scala/lince/frontend/examples/Basic.scala. Using presentation compiler with project's scala-library version: 3.3.8
2026.09.17 21:15:06 INFO  Tracing is disabled for protocol BSP. To enable tracing of incoming and outgoing JSON messages, create an empty file at /home/fernando/Desktop/lince-2.0/.metals/bsp.trace.json or /home/fernando/.cache/metals/bsp.trace.json
2026.09.17 21:15:06 INFO  no build target found for /home/fernando/Desktop/lince-2.0/src/main/scala/lince/frontend/examples/Basic.scala. Using presentation compiler with project's scala-library version: 3.3.8
2026.09.17 21:15:07 INFO  Attempting to connect to the build server...
2026.09.17 21:15:07 INFO  Found a Bloop server running
2026.09.17 21:15:07 INFO  Attempting to connect to the build server...
2026.09.17 21:15:07 INFO  Found a Bloop server running
2026.09.17 21:15:07 INFO  Tracing is disabled for protocol BSP. To enable tracing of incoming and outgoing JSON messages, create an empty file at /home/fernando/Desktop/lince-2.0/project/project/.metals/bsp.trace.json or /home/fernando/.cache/metals/bsp.trace.json
2026.09.17 21:15:07 INFO  Tracing is disabled for protocol BSP. To enable tracing of incoming and outgoing JSON messages, create an empty file at /home/fernando/Desktop/lince-2.0/project/.metals/bsp.trace.json or /home/fernando/.cache/metals/bsp.trace.json
2026.09.17 21:15:07 INFO  time: Connected to build server in 4.39s
2026.09.17 21:15:07 INFO  Connected to Build server: Bloop v2.1.1
2026.09.17 21:15:07 INFO  time: Imported build in 0.17s
2026.09.17 21:15:11 WARN  Using H2 2.4.240 which is newer than the version Flyway has been verified with. The latest verified version of H2 is 2.3.232.
2026.09.17 21:15:12 INFO  time: indexed workspace in 4.89s
2026.09.17 21:15:21 INFO  Generated JavaScript file '/home/fernando/Desktop/lince-2.0/.bloop/lince20/lince20-test-js'
2026.09.17 21:15:21 WARN  Cannot discover test frameworks, missing node_modules in test project, expected them at /home/fernando/Desktop/lince-2.0/node_modules
2026.09.17 23:00:01 INFO  Shutting down server
2026.09.17 23:00:01 INFO  Memory monitor stopped
2026.09.17 23:00:01 INFO  shutting down Metals
2026.09.17 23:00:01 INFO  Shut down connection with build server.
2026.09.17 23:00:01 INFO  Shut down connection with build server.
2026.09.17 23:00:01 INFO  Shut down connection with build server.
2026.09.17 23:00:01 INFO  Exiting server
2026.09.22 19:46:03 INFO  Started: Metals version 1.6.9 in folders '/home/fernando/Desktop/lince-2.0' for client Visual Studio Code 1.101.0.
2026.09.22 19:46:03 INFO  Memory monitor started
2026.09.22 19:46:03 WARN  Using H2 2.5.250 which is newer than the version Flyway has been verified with. The latest verified version of H2 is 2.3.232.
2026.09.22 19:46:03 INFO  no build target found for /home/fernando/Desktop/lince-2.0/src/main/scala/lince/frontend/examples/Basic.scala. Using presentation compiler with project's scala-library version: 3.3.8
set. 22, 2026 7:46:05 DA TARDE org.eclipse.lsp4j.jsonrpc.RemoteEndpoint handleCancellation
WARNING: Unmatched cancel notification for request id 1
2026.09.22 19:46:05 INFO  Attempting to connect to the build server...
2026.09.22 19:46:05 INFO  No running Bloop server found, starting one.
2026.09.22 19:46:17 WARN  no build target for: /home/fernando/Desktop/lince-2.0/src/main/scala/lince/frontend/examples/Basic.scala
2026.09.22 19:46:17 INFO  no build target found for /home/fernando/Desktop/lince-2.0/src/main/scala/lince/frontend/examples/Basic.scala. Using presentation compiler with project's scala-library version: 3.3.8
2026.09.22 19:46:17 INFO  no build target found for /home/fernando/Desktop/lince-2.0/src/main/scala/lince/frontend/examples/Basic.scala. Using presentation compiler with project's scala-library version: 3.3.8
2026.09.22 19:46:22 INFO  Starting compilation server
2026.09.22 19:46:23 INFO  no build target found for /home/fernando/Desktop/lince-2.0/src/main/scala/lince/frontend/examples/Basic.scala. Using presentation compiler with project's scala-library version: 3.3.8
2026.09.22 19:46:23 INFO  no build target found for /home/fernando/Desktop/lince-2.0/src/main/scala/lince/frontend/examples/Basic.scala. Using presentation compiler with project's scala-library version: 3.3.8
2026.09.22 19:46:24 INFO  Tracing is disabled for protocol BSP. To enable tracing of incoming and outgoing JSON messages, create an empty file at /home/fernando/Desktop/lince-2.0/.metals/bsp.trace.json or /home/fernando/.cache/metals/bsp.trace.json
2026.09.22 19:46:25 INFO  no build target found for /home/fernando/Desktop/lince-2.0/src/main/scala/lince/syntax/Lince.scala. Using presentation compiler with project's scala-library version: 3.3.8
2026.09.22 19:46:26 INFO  Attempting to connect to the build server...
2026.09.22 19:46:26 INFO  Found a Bloop server running
2026.09.22 19:46:26 INFO  Attempting to connect to the build server...
2026.09.22 19:46:26 INFO  Found a Bloop server running
2026.09.22 19:46:26 INFO  Tracing is disabled for protocol BSP. To enable tracing of incoming and outgoing JSON messages, create an empty file at /home/fernando/Desktop/lince-2.0/project/project/.metals/bsp.trace.json or /home/fernando/.cache/metals/bsp.trace.json
2026.09.22 19:46:26 INFO  Tracing is disabled for protocol BSP. To enable tracing of incoming and outgoing JSON messages, create an empty file at /home/fernando/Desktop/lince-2.0/project/.metals/bsp.trace.json or /home/fernando/.cache/metals/bsp.trace.json
2026.09.22 19:46:29 INFO  no build target found for /home/fernando/Desktop/lince-2.0/src/main/scala/lince/syntax/Parser.scala. Using presentation compiler with project's scala-library version: 3.3.8
set. 22, 2026 7:46:30 DA TARDE org.eclipse.lsp4j.jsonrpc.RemoteEndpoint handleCancellation
WARNING: Unmatched cancel notification for request id 44
2026.09.22 19:46:46 ERROR Timeout waiting for 'build/initialize' response
2026.09.22 19:46:46 WARN  Retrying connection to the build server Bloop
2026.09.22 19:46:46 INFO  Found a Bloop server running
2026.09.22 19:46:46 INFO  Tracing is disabled for protocol BSP. To enable tracing of incoming and outgoing JSON messages, create an empty file at /home/fernando/Desktop/lince-2.0/project/project/.metals/bsp.trace.json or /home/fernando/.cache/metals/bsp.trace.json
2026.09.22 19:46:46 INFO  time: Connected to build server in 41s
2026.09.22 19:46:46 INFO  Connected to Build server: Bloop v2.1.2
2026.09.22 19:46:46 INFO  time: Imported build in 0.15s
2026.09.22 19:47:07 WARN  Using H2 2.5.250 which is newer than the version Flyway has been verified with. The latest verified version of H2 is 2.3.232.
2026.09.22 19:47:08 INFO  time: indexed workspace in 21s
2026.09.22 19:47:13 INFO  Generated JavaScript file '/home/fernando/Desktop/lince-2.0/.bloop/lince20/lince20-test-js'
2026.09.22 19:47:13 WARN  Cannot discover test frameworks, missing node_modules in test project, expected them at /home/fernando/Desktop/lince-2.0/node_modules
2026.09.22 20:20:08 INFO  compiling lince20 (1 scala source)
2026.09.22 20:20:16 INFO  time: compiled lince20 in 7.47s
2026.09.22 20:29:36 INFO  compiling lince20 (1 scala source)
2026.09.22 20:29:39 INFO  time: compiled lince20 in 2.53s
2026.09.22 20:33:47 INFO  Generated JavaScript file '/home/fernando/Desktop/lince-2.0/.bloop/lince20/lince20-test-js'
2026.09.22 20:33:47 WARN  Cannot discover test frameworks, missing node_modules in test project, expected them at /home/fernando/Desktop/lince-2.0/node_modules
2026.09.22 20:33:49 INFO  Generated JavaScript file '/home/fernando/Desktop/lince-2.0/.bloop/caos/caos-test-js'
2026.09.22 20:33:49 WARN  Cannot discover test frameworks, missing node_modules in test project, expected them at /home/fernando/Desktop/lince-2.0/lib/caos/node_modules
2026.09.22 20:43:41 INFO  compiling lince20 (1 scala source)
2026.09.22 20:43:43 INFO  time: compiled lince20 in 2.07s
2026.09.22 20:43:43 INFO  compiling lince20 (3 scala sources)
2026.09.22 20:43:46 INFO  time: compiled lince20 in 2.48s
set. 22, 2026 8:46:17 DA TARDE org.eclipse.lsp4j.jsonrpc.RemoteEndpoint handleCancellation
WARNING: Unmatched cancel notification for request id 973
2026.09.22 20:46:22 INFO  compiling lince20 (1 scala source)
2026.09.22 20:46:23 INFO  time: compiled lince20 in 1.09s
2026.09.22 20:46:23 INFO  compiling lince20 (2 scala sources)
2026.09.22 20:46:24 INFO  time: compiled lince20 in 1.05s
set. 22, 2026 9:04:06 DA TARDE org.eclipse.lsp4j.jsonrpc.RemoteEndpoint handleCancellation
WARNING: Unmatched cancel notification for request id 1150
2026.09.22 21:04:36 INFO  compiling lince20 (1 scala source)
2026.09.22 21:04:36 INFO  time: compiled lince20 in 0.34s
2026.09.22 21:04:45 INFO  compiling lince20 (1 scala source)
2026.09.22 21:04:45 INFO  time: compiled lince20 in 0.33s
2026.09.22 21:06:17 INFO  compiling lince20 (1 scala source)
2026.09.22 21:06:17 INFO  time: compiled lince20 in 0.31s
2026.09.22 21:06:33 INFO  compiling lince20 (2 scala sources)
2026.09.22 21:06:33 INFO  time: compiled lince20 in 0.79s
2026.09.22 21:06:33 INFO  compiling lince20 (14 scala sources)
2026.09.22 21:06:36 INFO  time: compiled lince20 in 2.13s
2026.09.22 21:07:11 INFO  compiling lince20 (3 scala sources)
2026.09.22 21:07:11 INFO  time: compiled lince20 in 0.98s
2026.09.22 21:07:11 INFO  compiling lince20 (14 scala sources)
2026.09.22 21:07:14 INFO  time: compiled lince20 in 1.26s
2026.09.22 21:07:31 INFO  compiling lince20 (4 scala sources)
2026.09.22 21:07:31 INFO  time: compiled lince20 in 0.98s
2026.09.22 21:07:31 INFO  compiling lince20 (14 scala sources)
2026.09.22 21:07:33 INFO  time: compiled lince20 in 1.03s
2026.09.22 21:08:02 INFO  compiling lince20 (5 scala sources)
2026.09.22 21:08:02 INFO  time: compiled lince20 in 0.52s
2026.09.22 21:08:26 INFO  compiling lince20 (5 scala sources)
2026.09.22 21:08:27 INFO  time: compiled lince20 in 1.32s
2026.09.22 21:08:27 INFO  compiling lince20 (14 scala sources)
2026.09.22 21:08:30 INFO  time: compiled lince20 in 2.77s
2026.09.22 21:19:20 INFO  compiling lince20 (1 scala source)
2026.09.22 21:19:20 INFO  time: compiled lince20 in 0.58s
2026.09.22 21:19:21 WARN  Could not load snapshot text for /home/fernando/Desktop/lince-2.0/src/main/scala/lince/syntax/Show.scala
2026.09.22 21:19:30 WARN  Could not load snapshot text for /home/fernando/Desktop/lince-2.0/src/main/scala/lince/syntax/Show.scala
2026.09.22 21:19:31 WARN  Could not load snapshot text for /home/fernando/Desktop/lince-2.0/src/main/scala/lince/syntax/Show.scala
2026.09.22 21:19:32 WARN  Could not load snapshot text for /home/fernando/Desktop/lince-2.0/src/main/scala/lince/syntax/Show.scala
2026.09.22 21:19:33 WARN  Could not load snapshot text for /home/fernando/Desktop/lince-2.0/src/main/scala/lince/syntax/Show.scala
2026.09.22 21:19:34 WARN  Could not load snapshot text for /home/fernando/Desktop/lince-2.0/src/main/scala/lince/syntax/Show.scala
2026.09.22 21:19:35 WARN  Could not load snapshot text for /home/fernando/Desktop/lince-2.0/src/main/scala/lince/syntax/Show.scala
2026.09.22 21:19:36 WARN  Could not load snapshot text for /home/fernando/Desktop/lince-2.0/src/main/scala/lince/syntax/Show.scala
set. 22, 2026 9:19:36 DA TARDE org.eclipse.lsp4j.jsonrpc.RemoteEndpoint handleCancellation
WARNING: Unmatched cancel notification for request id 1814
2026.09.22 21:19:36 WARN  Could not load snapshot text for /home/fernando/Desktop/lince-2.0/src/main/scala/lince/syntax/Show.scala
2026.09.22 21:19:37 WARN  Could not load snapshot text for /home/fernando/Desktop/lince-2.0/src/main/scala/lince/syntax/Show.scala
2026.09.22 21:19:37 WARN  Could not load snapshot text for /home/fernando/Desktop/lince-2.0/src/main/scala/lince/syntax/Show.scala
2026.09.22 21:19:39 WARN  Could not load snapshot text for /home/fernando/Desktop/lince-2.0/src/main/scala/lince/syntax/Show.scala
2026.09.22 21:19:39 WARN  Could not load snapshot text for /home/fernando/Desktop/lince-2.0/src/main/scala/lince/syntax/Show.scala
2026.09.22 21:19:40 WARN  Could not load snapshot text for /home/fernando/Desktop/lince-2.0/src/main/scala/lince/syntax/Show.scala
2026.09.22 21:19:43 WARN  Could not load snapshot text for /home/fernando/Desktop/lince-2.0/src/main/scala/lince/syntax/Show.scala
2026.09.22 21:19:51 INFO  compiling lince20 (1 scala source)
2026.09.22 21:19:51 INFO  time: compiled lince20 in 0.31s
2026.09.22 21:19:52 WARN  Could not load snapshot text for /home/fernando/Desktop/lince-2.0/src/main/scala/lince/syntax/Show.scala
set. 22, 2026 9:20:01 DA TARDE org.eclipse.lsp4j.jsonrpc.RemoteEndpoint handleCancellation
WARNING: Unmatched cancel notification for request id 1873
set. 22, 2026 9:20:05 DA TARDE org.eclipse.lsp4j.jsonrpc.RemoteEndpoint handleCancellation
WARNING: Unmatched cancel notification for request id 1883
2026.09.22 21:20:19 INFO  compiling lince20 (2 scala sources)
2026.09.22 21:20:21 INFO  time: compiled lince20 in 1.7s
2026.09.22 21:21:28 INFO  compiling lince20 (2 scala sources)
2026.09.22 21:21:30 INFO  time: compiled lince20 in 1.68s
2026.09.22 21:21:45 WARN  Could not load snapshot text for /home/fernando/Desktop/lince-2.0/src/main/scala/lince/syntax/Show.scala
set. 22, 2026 9:22:06 DA TARDE org.eclipse.lsp4j.jsonrpc.RemoteEndpoint handleCancellation
WARNING: Unmatched cancel notification for request id 2194
2026.09.22 21:22:20 INFO  compiling lince20 (3 scala sources)
2026.09.22 21:22:20 INFO  time: compiled lince20 in 0.98s
2026.09.22 21:22:20 INFO  compiling lince20 (14 scala sources)
2026.09.22 21:22:22 INFO  time: compiled lince20 in 0.66s
2026.09.22 21:22:22 WARN  Could not load snapshot text for /home/fernando/Desktop/lince-2.0/src/main/scala/lince/backend/Stream.scala
2026.09.22 21:22:53 INFO  compiling lince20 (4 scala sources)
2026.09.22 21:22:53 INFO  time: compiled lince20 in 0.92s
2026.09.22 21:22:53 INFO  compiling lince20 (14 scala sources)
2026.09.22 21:22:54 INFO  time: compiled lince20 in 0.6s
2026.09.22 21:22:54 WARN  Could not load snapshot text for /home/fernando/Desktop/lince-2.0/src/main/scala/lince/backend/Eval.scala
2026.09.22 21:23:12 INFO  compiling lince20 (5 scala sources)
2026.09.22 21:23:12 INFO  time: compiled lince20 in 0.89s
2026.09.22 21:23:12 INFO  compiling lince20 (14 scala sources)
2026.09.22 21:23:15 INFO  time: compiled lince20 in 1.95s
2026.09.22 21:24:57 INFO  compiling lince20 (1 scala source)
2026.09.22 21:24:57 INFO  time: compiled lince20 in 0.17s
2026.09.22 21:25:34 INFO  compiling lince20 (2 scala sources)
2026.09.22 21:25:34 INFO  time: compiled lince20 in 0.19s
2026.09.22 21:25:59 INFO  compiling lince20 (3 scala sources)
2026.09.22 21:25:59 INFO  time: compiled lince20 in 0.17s
2026.09.22 21:26:05 INFO  compiling lince20 (3 scala sources)
2026.09.22 21:26:05 INFO  time: compiled lince20 in 0.53s
2026.09.22 21:26:05 INFO  compiling lince20 (14 scala sources)
2026.09.22 21:26:08 INFO  time: compiled lince20 in 1.61s
2026.09.22 21:26:24 INFO  compiling lince20 (4 scala sources)
2026.09.22 21:26:24 INFO  time: compiled lince20 in 0.33s
2026.09.22 21:26:43 INFO  compiling lince20 (4 scala sources)
2026.09.22 21:26:43 INFO  time: compiled lince20 in 0.7s
2026.09.22 21:26:43 INFO  compiling lince20 (14 scala sources)
2026.09.22 21:26:44 INFO  time: compiled lince20 in 0.56s
2026.09.22 21:26:55 INFO  compiling lince20 (5 scala sources)
2026.09.22 21:26:55 INFO  time: compiled lince20 in 0.31s
2026.09.22 21:26:56 WARN  Could not load snapshot text for /home/fernando/Desktop/lince-2.0/src/main/scala/lince/syntax/Parser.scala
2026.09.22 21:27:17 WARN  Could not load snapshot text for /home/fernando/Desktop/lince-2.0/src/main/scala/lince/syntax/Parser.scala
2026.09.22 21:27:17 WARN  Could not load snapshot text for /home/fernando/Desktop/lince-2.0/src/main/scala/lince/syntax/Parser.scala
2026.09.22 21:27:18 WARN  Could not load snapshot text for /home/fernando/Desktop/lince-2.0/src/main/scala/lince/syntax/Parser.scala
2026.09.22 21:27:19 WARN  Could not load snapshot text for /home/fernando/Desktop/lince-2.0/src/main/scala/lince/syntax/Parser.scala
2026.09.22 21:27:20 WARN  Could not load snapshot text for /home/fernando/Desktop/lince-2.0/src/main/scala/lince/syntax/Parser.scala
2026.09.22 21:27:21 WARN  Could not load snapshot text for /home/fernando/Desktop/lince-2.0/src/main/scala/lince/syntax/Parser.scala
2026.09.22 21:27:23 INFO  compiling lince20 (5 scala sources)
2026.09.22 21:27:23 INFO  time: compiled lince20 in 0.28s
2026.09.22 21:27:24 WARN  Could not load snapshot text for /home/fernando/Desktop/lince-2.0/src/main/scala/lince/syntax/Parser.scala
2026.09.22 21:27:26 WARN  Could not load snapshot text for /home/fernando/Desktop/lince-2.0/src/main/scala/lince/syntax/Parser.scala
2026.09.22 21:27:28 INFO  compiling lince20 (5 scala sources)
2026.09.22 21:27:28 INFO  time: compiled lince20 in 0.86s
2026.09.22 21:27:28 INFO  compiling lince20 (14 scala sources)
2026.09.22 21:27:30 INFO  time: compiled lince20 in 1.52s
